start,end,id,type,bounding_box,encounter,gap,loitering,port_visit,position.lat,position.lon,regions.mpa,regions.eez,regions.rfmo,regions.fao,regions.major_fao,regions.eez_12_nm,regions.high_seas,regions.mpa_no_take_partial,regions.mpa_no_take,distances.start_distance_from_shore_km,distances.end_distance_from_shore_km,distances.start_distance_from_port_km,distances.end_distance_from_port_km,vessel.id,vessel.name,vessel.ssvid,vessel.flag,vessel.type,vessel.public_authorizations,vessel.nextPort,fishing.total_distance_km,fishing.average_speed_knots,fishing.average_duration_hours,fishing.potential_risk,fishing.vessel_public_authorization_status,ingested_at
2025-04-11 08:45:05+00:00,2025-04-24 23:52:58+00:00,a44ef375d861620f301921c228510970,fishing,"[-57.577290000000005, -63.176658333333336, -59.02017666666666, -62.872145]",,,,,-63.0763,-58.3276,[],[],"['IWC', 'CCAMLR', 'ACAP']","['48', '48.1']",['48'],[],['63203'],[],[],10.0,46.0,119.360766,55.545089999999995,c9cd293cc-cf88-09db-d44d-c42a49e520cc,FU XING HAI,412217999,CHN,fishing,"[{'has_publicly_listed_authorization': None, 'rfmo': None}]",,1214.591535861963,1.987108720776414,,False,publicly_authorized,2026-04-25 05:35:10.713253
2025-04-13 20:18:46+00:00,2025-04-24 23:59:55+00:00,4005431add64d6cf2870166fff4fd4b8,fishing,"[112.0947, 20.469755, 113.993533, 21.602545]",,,,,21.2144,113.2719,[],['8486'],"['APFIC', 'ACAP', 'WCPFC', 'IWC']",['61'],['61'],['8486'],[],[],[],101.0,27.0,113.102062,37.806273000000004,c430df1fb-b2fd-391f-42c3-4ba6dfb07f0e,GUIHEYU80868,412500991,CHN,fishing,"[{'has_publicly_listed_authorization': 'false', 'rfmo': 'WCPFC'}]",,1600.7046165604434,3.179370234397067,,False,not_matching_relevant_public_authorization,2026-04-25 05:35:10.713253
2025-04-14 02:15:47+00:00,2025-04-24 23:59:45+00:00,87494e0fe3d889ead8fdbb198a12fe7a,fishing,"[122.265737, 29.944617, 122.268938, 29.949215]",,,,,29.9472,122.2669,[],['8486'],"['NACA', 'WCPFC', 'APFIC']",['61'],['61'],[],[],[],[],1.0,0.0,0.0,0.0,4e91311c8-8352-cef3-aeb6-1353d6f8299f,ZHEPUYU68602,412423968,CHN,fishing,"[{'has_publicly_listed_authorization': 'false', 'rfmo': 'WCPFC'}]",,35.0835114000796,0.16774047186932878,,False,not_matching_relevant_public_authorization,2026-04-25 05:35:10.713253
2025-04-14 14:13:12+00:00,2025-04-27 07:46:23+00:00,ea3331cf6a49b321f49b0d6ccaa316ee,fishing,"[-15.420154999999994, 28.143932, -15.424129999999991, 28.147287]",,,,,28.1454,-15.4218,[],['8364'],['EIFAAC'],"['34.1.2', '34', '34.1']",['34'],[],[],[],[],1.0,1.0,0.0,0.0,2af817e06-6033-41f1-4543-36d21d18dc85,SHOEIMARU NO.1,432448000,JPN,fishing,"[{'has_publicly_listed_authorization': None, 'rfmo': None}]",,76.09876483587223,0.9807186678352322,,False,publicly_authorized,2026-04-25 05:35:10.713253
2025-04-14 20:52:43+00:00,2025-04-24 07:25:21+00:00,eef646e1453c7b0c7081d272da146689,fishing,"[122.945008, 29.19763, 123.367473, 29.633068]",,,,,29.4415,123.1417,[],['8486'],"['IWC', 'WCPFC', 'APFIC', 'ACAP']",['61'],['61'],[],[],[],[],75.0,80.0,63.64834,71.232711,5b974a125-5d0d-8c2e-9dc3-19d1674380fa,JIHUANGYU02992,412287951,CHN,fishing,"[{'has_publicly_listed_authorization': 'false', 'rfmo': 'WCPFC'}]",,1002.4692925122266,2.4257793499889475,,False,not_matching_relevant_public_authorization,2026-04-25 05:35:10.713253
2025-04-15 11:49:09+00:00,2025-04-24 23:58:56+00:00,478baad85d6a1fa0e447fbda9915dda2,fishing,"[8.399452999999994, 4.291628, 8.280157000000003, 4.514393]",,,,,4.3643,8.3363,[],['8474'],"['IWC', 'NAMMCO', 'ICCAT', 'FCWC', 'COREP', 'ACAP']","['34.3', '34', '34.3.5']",['34'],['8474'],[],[],[],26.0,4.0,2.485009,26.778744,281edd103-3e20-3642-8861-cb828c3a7d20,BANARLY X,657265600,NGA,fishing,"[{'has_publicly_listed_authorization': 'false', 'rfmo': 'ICCAT'}]",,996.6860426379129,2.472637263726372,,False,not_matching_relevant_public_authorization,2026-04-25 05:35:10.713253
2025-04-16 22:17:54+00:00,2025-04-24 01:09:21+00:00,5b6ea98a4a449a0021a227a2a8084929,fishing,"[6.5907233333333295, 54.30718, 5.098363333333339, 55.620335]",,,,,54.6205,6.2248,"['555557194', '555517780', '555638666']","['5674', '5668', '5669']","['IWC', 'ICCAT', 'ICES', 'ACAP', 'NAMMCO', 'NEAFC', 'NASCO']","['27', '27.4.b', '27.4']",['27'],[],[],[],[],73.0,187.0,36.204191,11.496024,68020d998-88cb-bde8-1cb0-b53b73770862,MDV2 METANOIA,244373000,NLD,fishing,"[{'has_publicly_listed_authorization': 'false', 'rfmo': 'ICCAT'}]",,1016.2529125491358,3.139221087161771,,False,not_matching_relevant_public_authorization,2026-04-25 05:35:10.713253
2025-04-17 01:45:35+00:00,2025-04-24 23:53:00+00:00,5ad2c21b392a1c6eb8253f560afa9ce2,fishing,"[36.18178, 74.06774666666666, 34.67487666666668, 74.520215]",,,,,74.3213,35.5735,[],['33181'],"['NASCO', 'NEAFC', 'ACAP', 'IWC', 'ICES', 'NAMMCO']","['27', '27.1.a', '27.1']",['27'],[],['63203'],[],[],414.0,346.0,425.493406,438.19625,473f1e455-5466-2295-87d1-800d0fa967a4,ARCTIC VIKING,231053000,FRO,fishing,"[{'has_publicly_listed_authorization': None, 'rfmo': None}]",,903.5986568631771,2.6102287071121486,,False,publicly_authorized,2026-04-25 05:35:10.713253
2025-04-17 02:51:35+00:00,2025-04-24 23:51:56+00:00,8bd94d6f76f34cc6abecc7eea4cd54ea,fishing,"[120.27261, 35.305417, 120.43808, 35.575122]",,,,,35.4409,120.3727,[],['8486'],"['ACAP', 'IWC', 'WCPFC', 'PICES']",['61'],['61'],['8486'],[],[],[],48.0,31.0,31.909305,28.090550999999998,61ea37836-6850-2791-8af9-c433733130c1,LUDONGGANGYU61975,412327202,CHN,fishing,"[{'has_publicly_listed_authorization': 'false', 'rfmo': 'WCPFC'}]",,772.5419965183493,2.297001071046057,,False,not_matching_relevant_public_authorization,2026-04-25 05:35:10.713253
2025-04-17 08:07:49+00:00,2025-04-24 20:05:02+00:00,05f25a9669219ce7dcf64be0350c160d,fishing,"[-6.096063333333333, 53.527425, -5.561083333333333, 53.92214]",,,,,53.711,-5.8209,[],"['5696', '5681']","['ACAP', 'NAMMCO', 'ICES', 'ICCAT', 'NASCO', 'IWC', 'NEAFC']","['27.7.a', '27.7', '27']",['27'],"['5696', '5681']",[],[],[],0.0,31.0,6.704309,29.822541,d00dc86c9-92f2-5d06-275c-103f79807dbe,CISEMAIR,250103600,IRL,fishing,"[{'has_publicly_listed_authorization': 'false', 'rfmo': 'ICCAT'}]",,896.1567376048989,2.8157945694618447,,False,not_matching_relevant_public_authorization,2026-04-25 05:35:10.713253
2025-04-17 08:32:00+00:00,2025-04-24 23:59:30+00:00,69b8909520db95c1522702980e41a041,fishing,"[-17.04746833333334, 11.051276666666666, -17.25124333333332, 11.502163333333334]",,,,,11.3327,-17.1731,[],['8471'],"['ACAP', 'SRFC', 'ICCAT', 'NAMMCO', 'IWC']","['34.3', '34', '34.3.13', '34.3.1']",['34'],[],[],[],[],67.0,86.0,177.16609400000002,161.391484,1b6a52301-18cf-b9bf-8591-e653e17be7ac,YUAN YU 887,412549332,CHN,fishing,"[{'has_publicly_listed_authorization': 'false', 'rfmo': 'ICCAT'}]",,1303.8536062440705,3.8223641680337725,,False,not_matching_relevant_public_authorization,2026-04-25 05:35:10.713253
2025-04-17 10:26:15+00:00,2025-04-24 23:59:48+00:00,e3aecadf230538543ab0c5fc0f462867,fishing,"[-17.244456666666668, 11.162665, -17.089993333333332, 11.490726666666667]",,,,,11.361,-17.1814,[],['8471'],"['IWC', 'NAMMCO', 'SRFC', 'ICCAT', 'ACAP']","['34.3.13', '34.3.1', '34', '34.3']",['34'],[],[],[],[],83.0,69.0,190.85093799999999,151.368922,a7afe01e9-961b-0d5b-35b3-ced45f784c11,YUAN YU 883,412549547,CHN,fishing,"[{'has_publicly_listed_authorization': 'false', 'rfmo': 'ICCAT'}]",,1259.6421662097641,3.7130332741164946,,False,not_matching_relevant_public_authorization,2026-04-25 05:35:10.713253
2025-04-17 18:49:21+00:00,2025-04-24 23:52:32+00:00,0ffcf936a590cd2225c0a64089ea148b,fishing,"[32.868815, 74.09526166666667, 34.65750833333333, 74.56996]",,,,,74.4157,33.4714,[],['33181'],"['NAMMCO', 'NASCO', 'NEAFC', 'IWC', 'ICES', 'ACAP']","['27.1.b', '27', '27.1']",['27'],[],[],[],[],345.0,342.0,370.986625,442.775812,583272263-3597-8f6c-85d7-ac64ec05b9b9,ENNIBERG,231045000,FRO,fishing,"[{'has_publicly_listed_authorization': None, 'rfmo': None}]",,775.3745394780852,2.434679966799112,,False,publicly_authorized,2026-04-25 05:35:10.713253
2025-04-17 22:23:22+00:00,2025-04-24 23:56:42+00:00,d4b387384f69f828538b2404bac6cf12,fishing,"[112.553767, 20.448633, 113.466825, 21.396297]",,,,,21.0083,112.9932,[],['8486'],"['APFIC', 'WCPFC', 'IWC', 'ACAP']",['61'],['61'],[],[],[],[],127.0,58.0,126.80045299999999,43.614402,30187cd6d-dd76-1342-48c9-222c65948106,GUIHEYU33188,412501018,CHN,fishing,"[{'has_publicly_listed_authorization': 'false', 'rfmo': 'WCPFC'}]",,942.948615911745,3.0627461139896393,,False,not_matching_relevant_public_authorization,2026-04-25 05:35:10.713253
2025-04-18 00:02:45+00:00,2025-04-24 23:58:35+00:00,f45d92b34ed11d1da83f598e40f7cd69,fishing,"[118.13957, 39.204217, 118.146383, 39.208615]",,,,,39.2071,118.1415,[],['8486'],"['APFIC', 'NACA', 'WCPFC']",['61'],['61'],[],[],[],[],0.0,0.0,0.0,0.861576,8af250c5b-bef6-8027-be26-07d7c275bb38,JIFENGYU06298,412284674,CHN,fishing,"[{'has_publicly_listed_authorization': 'false', 'rfmo': 'WCPFC'}]",,34.4516253949775,0.35566037735849065,,False,not_matching_relevant_public_authorization,2026-04-25 05:35:10.713253
2025-04-18 03:07:52+00:00,2025-04-24 23:59:22+00:00,13164bd1195bac5ccf9915eaafb09b64,fishing,"[-0.22125166666666668, 59.39810166666667, 0.08108333333333333, 59.881105]",,,,,59.7856,-0.0813,[],['5696'],"['ACAP', 'NAMMCO', 'ICES', 'IWC', 'NASCO', 'ICCAT', 'NEAFC']","['27', '27.4', '27.4.a']",['27'],[],[],[],[],78.0,67.0,74.73110199999999,63.204754,b2e4d586e-e9d4-7bae-a7f5-4e1f259cf835,RELIANCE III BF800,232028822,GBR,fishing,"[{'has_publicly_listed_authorization': 'false', 'rfmo': 'ICCAT'}]",,697.0751800647386,2.307062268593412,,False,not_matching_relevant_public_authorization,2026-04-25 05:35:10.713253
2025-04-18 06:02:24+00:00,2025-04-30 20:10:06+00:00,526f84d10ca99c86504ea1d146181610,fishing,"[-45.07431333333335, 46.37950166666667, -46.15292333333332, 46.61868833333333]",,,,,46.484,-45.7495,[],[],"['NAMMCO', 'IWC', 'NAFO', 'ICCAT', 'ACAP', 'NASCO']","['21', '21.3.M', '21.3']",['21'],[],['63203'],[],[],589.0,502.0,592.619875,505.87028100000003,ee6075668-8f57-bc07-af04-ea9defaafc59,HAVBRYN,257271600,NOR,fishing,"[{'has_publicly_listed_authorization': 'false', 'rfmo': 'ICCAT'}]",,1717.6339140184343,3.4820845338670665,,True,not_matching_relevant_public_authorization,2026-04-25 05:35:10.713253
2025-04-18 06:02:44+00:00,2025-04-24 23:55:19+00:00,bcb62e31aa3cb4bc2d3f5ecc282c1276,fishing,"[-46.50036166666666, 46.17978333333333, -46.880949999999984, 46.84297333333333]",,,,,46.4639,-46.7309,[],[],"['ACAP', 'NASCO', 'IWC', 'ICCAT', 'NAFO', 'NAMMCO']","['21.3', '21', '21.3.L']",['21'],[],['63203'],[],[],491.0,442.0,494.78225,446.07696899999996,c83fd63bc-c936-f8b5-4ee6-bbda4dd1246b,RIO CAXIL,224534000,ESP,fishing,"[{'has_publicly_listed_authorization': 'false', 'rfmo': 'ICCAT'}]",,976.1312183469231,3.3720701054750473,,True,not_matching_relevant_public_authorization,2026-04-25 05:35:10.713253
2025-04-18 06:03:46+00:00,2025-04-28 14:01:47+00:00,3ed530afd09d9c5994a2c579d66a85a3,fishing,"[-14.238773333333333, 51.65683666666666, -13.585, 52.385151666666665]",,,,,52.1459,-13.913,[],['5681'],"['ACAP', 'ICCAT', 'NASCO', 'NAMMCO', 'NEAFC', 'ICES', 'IWC']","['27.7.k', '27', '27.7.k.2', '27.7']",['27'],[],[],[],[],253.0,206.0,273.950281,226.941891,cf2f3fe26-6691-0819-a872-e29b79902cf4,SISTER CLARE,228455900,FRA,fishing,"[{'has_publicly_listed_authorization': 'false', 'rfmo': 'ICCAT'}]",,1058.986413767031,2.5793522309195187,,False,not_matching_relevant_public_authorization,2026-04-25 05:35:10.713253
2025-04-18 06:04:24+00:00,2025-04-24 21:04:28+00:00,b55ac296100ca56c675f2164b66d85ea,fishing,"[-7.8759, 58.807046666666665, -6.585613333333334, 59.68327333333333]",,,,,59.2475,-7.1108,['555703191'],['5696'],"['ACAP', 'NAMMCO', 'IWC', 'ICES', 'ICCAT', 'NASCO', 'NEAFC']","['27.6.a', '27.6', '27']",['27'],[],[],[],[],80.0,74.0,109.270047,152.20784400000002,39f5a5344-45ff-af36-25d7-74902cc14888,WILLEM VAN DER ZWAN,246429000,NLD,fishing,"[{'has_publicly_listed_authorization': 'true', 'rfmo': 'ICCAT'}]",,977.4757745779569,3.31923076907794,,False,publicly_authorized,2026-04-25 05:35:10.713253
2025-04-18 06:14:04+00:00,2025-04-24 23:58:37+00:00,458fbd8fcfb54d06f57e6a095f2badb1,fishing,"[-11.193388333333333, 49.056111666666666, -10.859646666666666, 49.986666666666665]",,,,,49.271,-11.0912,[],['5681'],"['IWC', 'NAMMCO', 'ICES', 'NEAFC', 'ICCAT', 'ACAP', 'NASCO']","['27.7.j.2', '27', '27.7.j', '27.7']",['27'],[],[],[],[],283.0,179.0,287.35684399999997,182.773953,3f3aa5364-471a-b55f-a5fc-109d0ccef05a,F/V PUNTA VIXIA,227275010,FRA,fishing,"[{'has_publicly_listed_authorization': 'false', 'rfmo': 'ICCAT'}]",,948.0014160066047,3.3470468607308153,,False,not_matching_relevant_public_authorization,2026-04-25 05:35:10.713253
2025-04-18 06:14:57+00:00,2025-05-02 03:39:42+00:00,51162816e0de6049ada9deb8d14a2341,fishing,"[140.571075, -10.342178333333333, 141.20324333333335, -9.750706666666666]",,,,,-10.0426,140.8745,[],['8324'],"['IWC', 'FFA', 'WCPFC', 'SPC', 'ACAP', 'APFIC']",['71'],['71'],[],[],[],[],109.0,25.0,175.89773399999999,139.84846900000002,ae3266034-4e76-81fa-49d6-41c212739db9,CAPS NO.1,553111844,PNG,fishing,"[{'has_publicly_listed_authorization': 'false', 'rfmo': 'WCPFC'}]",,1471.0546904783182,2.772739136588312,,False,not_matching_relevant_public_authorization,2026-04-25 05:35:10.713253
2025-04-18 06:15:51+00:00,2025-04-24 23:57:41+00:00,b28c7abd0ea29f8d861952b570f30a7d,fishing,"[171.36929666666666, 7.101186666666667, 171.37039833333333, 7.102755]",,,,,7.1018,171.3698,[],['8318'],"['SPC', 'IWC', 'WCPFC', 'FFA', 'ACAP']","['71.6.2', '71']",['71'],[],[],[],[],0.0,0.0,0.0,0.0,ed3da61fa-a001-d367-6011-8efd29a1ae6b,ORYONG 325,440055000,KOR,fishing,"[{'has_publicly_listed_authorization': 'true', 'rfmo': 'WCPFC'}]",,58.34120778457562,0.6370676347360499,,False,publicly_authorized,2026-04-25 05:35:10.713253
2025-04-18 06:25:15+00:00,2025-04-24 23:34:28+00:00,6ea46a0f7ef6ca813941016f9bf5c1d3,fishing,"[-10.483933333333333, 48.67166666666667, -9.788333333333334, 49.30008333333333]",,,,,48.8805,-10.1865,[],['5681'],"['ICES', 'ACAP', 'NEAFC', 'IWC', 'NAMMCO', 'NASCO', 'ICCAT']","['27', '27.7.j.2', '27.7', '27.7.j']",['27'],[],[],[],[],313.0,238.0,315.84828100000004,238.843812,23b2ec0f1-1115-03a8-3477-2aa6e1fa5ce7,F/V PEDRA BLANCA,228299900,FRA,fishing,"[{'has_publicly_listed_authorization': 'false', 'rfmo': 'ICCAT'}]",,896.7330795969843,3.3190340843390325,,False,not_matching_relevant_public_authorization,2026-04-25 05:35:10.713253
2025-04-18 06:29:10+00:00,2025-04-24 23:52:56+00:00,26fd08a7d7713399491bae875ec888ad,fishing,"[109.351262, -20.70925, 110.323878, -19.796215]",,,,,-20.155,109.7577,[],[],"['SIOFA', 'SEAFDEC', 'ACAP', 'CCSBT', 'IWC', 'IOTC']","['57.5.1', '57.3', '57.5', '57']",['57'],[],['63203'],[],[],490.0,445.0,496.228625,430.288625,82aaabead-d81f-55a6-d9ba-c58b554b1101,PJ 47,413050915,CHN,fishing,"[{'has_publicly_listed_authorization': 'false', 'rfmo': 'CCSBT'}, {'has_publicly_listed_authorization': 'false', 'rfmo': 'IOTC'}]",,857.6127094047383,2.954077501445922,,True,not_matching_relevant_public_authorization,2026-04-25 05:35:10.713253
2025-04-18 07:07:20+00:00,2025-04-24 23:28:22+00:00,c6e331fb57a7148d455e4fa7b3c02b87,fishing,"[-9.0, 49.673975, -9.846666666666664, 50.626666666666665]",,,,,50.1097,-9.2619,[],['5681'],"['IWC', 'ICCAT', 'ACAP', 'NAMMCO', 'NEAFC', 'ICES', 'NASCO']","['27', '27.7.j.2', '27.7', '27.7.j']",['27'],[],[],[],[],190.0,91.0,192.541109,93.333398,c1cdd3bcd-d9d3-516b-d0dd-767b55edc9c9,MANUEL LAURA,235021707,GBR,fishing,"[{'has_publicly_listed_authorization': 'false', 'rfmo': 'ICCAT'}]",,876.1864658263141,3.0495652198791494,,False,not_matching_relevant_public_authorization,2026-04-25 05:35:10.713253
2025-04-18 09:38:20+00:00,2025-04-26 12:20:15+00:00,51542e2b9842711c624ff2ee16740742,fishing,"[2.806669999999997, 59.317611666666664, 1.6009616666666773, 60.52702166666667]",,,,,60.034,2.2252,[],"['5696', '5686']","['ACAP', 'NEAFC', 'ICES', 'NASCO', 'NAMMCO', 'ICCAT', 'IWC']","['27.4', '27.4.a', '27']",['27'],[],[],[],[],116.0,129.0,25.450028999999997,22.545613,a693b853d-d179-6c18-f17b-60e5455aad99,FAITHLIE FR220,232007173,GBR,fishing,"[{'has_publicly_listed_authorization': 'false', 'rfmo': 'ICCAT'}]",,1090.77686020185,3.4909565946389667,,False,not_matching_relevant_public_authorization,2026-04-25 05:35:10.713253
2025-04-18 11:06:25+00:00,2025-04-24 23:59:03+00:00,11117699c4e29913f6461ac20ed19f9b,fishing,"[114.526908, 22.709243, 114.531492, 22.712323]",,,,,22.7101,114.5293,[],['8486'],"['WCPFC', 'APFIC', 'NACA']",['61'],['61'],[],[],[],[],1.0,1.0,0.0,0.0,45d1c6b31-14e0-bd72-979f-b274c2e2c860,YUEHUIWANYU05133,412529968,CHN,fishing,"[{'has_publicly_listed_authorization': 'false', 'rfmo': 'WCPFC'}]",,38.95861535372789,0.3763198757763977,,False,not_matching_relevant_public_authorization,2026-04-25 05:35:10.713253
2025-04-18 11:16:35+00:00,2025-04-24 18:26:37+00:00,f135d34ddfb8caa10174f4198d159f2a,fishing,"[117.788707, 23.462347, 118.172413, 23.747565]",,,,,23.6028,117.9517,[],['8486'],"['ACAP', 'APFIC', 'IWC', 'WCPFC']",['61'],['61'],['8486'],[],[],[],35.0,42.0,28.830057,43.709289,ff3a1abd8-8e43-f0de-96de-0c99879c8108,MINDONGYU61797,412446721,CHN,fishing,"[{'has_publicly_listed_authorization': 'false', 'rfmo': 'WCPFC'}]",,878.8823780378895,3.411927070144333,,False,not_matching_relevant_public_authorization,2026-04-25 05:35:10.713253
2025-04-18 13:18:14+00:00,2025-04-24 23:52:14+00:00,d3d9d3d472154fa50f2d710a87011c30,fishing,"[0.97947, 54.00235333333333, 1.4948183333333334, 54.177051666666664]",,,,,54.1084,1.1823,"['555786434', '555624872']",['5696'],"['NEAFC', 'NASCO', 'ICCAT', 'IWC', 'NAMMCO', 'ICES', 'ACAP']","['27.4.b', '27', '27.4']",['27'],[],[],[],[],68.0,103.0,38.016093999999995,76.153406,0e03d897d-daaf-1c8e-12c7-44a53761afee,GV JACOBA,235002165,GBR,fishing,"[{'has_publicly_listed_authorization': 'false', 'rfmo': 'ICCAT'}]",,841.277481265443,3.398302620372559,,False,not_matching_relevant_public_authorization,2026-04-25 05:35:10.713253
2025-04-18 17:43:04+00:00,2025-04-24 23:59:37+00:00,b465ad4b79ca508898afae9346122dba,fishing,"[100.544165, 13.040797, 100.717178, 13.198457]",,,,,13.1091,100.6556,[],['8332'],"['ACAP', 'SEAFDEC', 'APFIC', 'WCPFC', 'IWC']",['71'],['71'],[],[],[],[],14.0,9.0,22.666969,5.5259920000000005,550b5f399-9457-30e1-4b20-388195a62863,ONWA 8,9135389,,fishing,"[{'has_publicly_listed_authorization': 'false', 'rfmo': 'WCPFC'}]",,605.4463909201259,2.222023549934587,,False,not_matching_relevant_public_authorization,2026-04-25 05:35:10.713253
2025-04-18 18:11:10+00:00,2025-04-24 23:57:19+00:00,6b9b3eb5a94352ecfd26c136409c7ff2,fishing,"[-46.224545, 46.36620666666666, -45.388596666666665, 46.817]",,,,,46.5081,-45.8477,[],[],"['NAFO', 'IWC', 'ACAP', 'ICCAT', 'NAMMCO', 'NASCO']","['21', '21.3', '21.3.M']",['21'],[],['63203'],[],[],504.0,554.0,508.31825,557.5095620000001,54e1d42e5-5568-2062-ead4-fa24a4f1bb54,SORKAPP,258154000,NOR,fishing,"[{'has_publicly_listed_authorization': 'false', 'rfmo': 'ICCAT'}]",,938.8512128318444,3.4305982869532397,,True,not_matching_relevant_public_authorization,2026-04-25 05:35:10.713253
2025-04-18 18:35:26+00:00,2025-04-24 18:29:35+00:00,505c3c458464d1eb202bfb4af660f274,fishing,"[112.220632, 20.363673, 113.739538, 21.456945]",,,,,21.0208,113.0829,[],['8486'],"['APFIC', 'WCPFC', 'IWC', 'ACAP']",['61'],['61'],[],[],[],[],108.0,51.0,128.525227,51.316359,4c2c76538-85dc-2a87-45f7-312dc36f2e28,SHUNRENYI168,412916888,CHN,fishing,"[{'has_publicly_listed_authorization': 'false', 'rfmo': 'WCPFC'}]",,780.7351339254125,3.0040889957907373,,False,not_matching_relevant_public_authorization,2026-04-25 05:35:10.713253
2025-04-18 18:36:03+00:00,2025-04-24 23:58:06+00:00,5c3e26b9d2a359c40fe7c2e6297ed94a,fishing,"[-17.248805, 11.093356666666667, -17.08199, 11.494548333333332]",,,,,11.3637,-17.178,[],['8471'],"['ACAP', 'NAMMCO', 'SRFC', 'ICCAT', 'IWC']","['34.3.1', '34.3', '34', '34.3.13']",['34'],[],[],[],[],86.0,68.0,195.08107800000002,150.73084400000002,9ab21eced-d905-5099-ba3b-bae9d9a6eb12,YUAN YU 886,412549331,CHN,fishing,"[{'has_publicly_listed_authorization': 'false', 'rfmo': 'ICCAT'}]",,1059.7962787500308,3.8296480316337065,,False,not_matching_relevant_public_authorization,2026-04-25 05:35:10.713253
2025-04-18 20:23:07+00:00,2025-04-24 10:08:54+00:00,b86322b0f400640ba3de7338bdbabc39,fishing,"[111.067797, 21.047873, 111.425612, 21.307028]",,,,,21.193,111.2891,[],['8486'],"['ACAP', 'WCPFC', 'IWC', 'APFIC']",['61'],['61'],[],[],[],[],38.0,19.0,19.492275000000003,4.906554,55b8c02c0-0421-4ce7-d1f5-c689a44f137f,YUEMAOBINYU41688,412467802,CHN,fishing,"[{'has_publicly_listed_authorization': 'false', 'rfmo': 'WCPFC'}]",,754.6518830262759,3.132789317507416,,False,not_matching_relevant_public_authorization,2026-04-25 05:35:10.713253
2025-04-18 20:55:01+00:00,2025-04-24 23:36:01+00:00,a324eaed21a18778b83b6a1c70c516dd,fishing,"[-5.293123333333341, 53.49668833333333, -6.1299683333333235, 53.932113333333334]",,,,,53.7094,-5.835,[],"['5681', '5696']","['IWC', 'NEAFC', 'ACAP', 'ICCAT', 'NASCO', 'ICES', 'NAMMCO']","['27.7.a', '27', '27.7']",['27'],['5681'],[],[],[],44.0,6.0,47.505047,10.809396000000001,5e1176214-4c5b-d143-26da-bb746e99fc72,FRAGRANT CLOUD,250000141,IRL,fishing,"[{'has_publicly_listed_authorization': 'false', 'rfmo': 'ICCAT'}]",,806.1440841029438,3.162216159103137,,False,not_matching_relevant_public_authorization,2026-04-25 05:35:10.713253
2025-04-18 21:46:17+00:00,2025-04-24 02:11:33+00:00,07c1f689789b46b8aca88cad479ed1ef,fishing,"[92.64527, -32.337603, 93.911662, -31.53588]",,,,,-31.9916,93.6563,[],[],"['IOTC', 'CCSBT', 'IWC', 'SIOFA', 'CCSBT-Primary-Area', 'ACAP']","['57', '57.3']",['57'],[],['63203'],[],[],1500.0,1648.0,2059.548125,1933.296875,5ebf8a59e-ea39-b061-d007-8e2fa7407c97,BANDAR NELAYAN 167,525600288,IDN,fishing,"[{'has_publicly_listed_authorization': 'true', 'rfmo': 'CCSBT'}, {'has_publicly_listed_authorization': 'true', 'rfmo': 'IOTC'}]",,689.7127399229864,4.002182539682541,,False,publicly_authorized,2026-04-25 05:35:10.713253
2025-04-18 23:26:25+00:00,2025-04-24 05:05:30+00:00,889376aa777859e85be5a9580132b2ca,fishing,"[-5.7248616666666665, 50.79351, -5.184026666666667, 50.97359333333333]",,,,,50.877,-5.3236,"['555786435', '555691637', '555624871']",['5696'],"['ICES', 'NAMMCO', 'ICCAT', 'IWC', 'NEAFC', 'ACAP', 'NASCO']","['27', '27.7', '27.7.f']",['27'],[],[],[],[],55.0,41.0,60.574832,42.032469,322b8be22-279f-45e6-db9d-ab7cdfa3c8f2,VAN EYCK Z53,205166000,BEL,fishing,"[{'has_publicly_listed_authorization': 'false', 'rfmo': 'ICCAT'}]",,962.9907911187428,4.373874961030674,,False,not_matching_relevant_public_authorization,2026-04-25 05:35:10.713253
2025-04-18 23:51:45+00:00,2025-04-24 21:06:10+00:00,5539e01ebf06a2dc47f008cc5be54cc3,fishing,"[-6.992916666666667, 49.97067, -5.188455, 50.99166666666667]",,,,,50.4792,-6.0109,"['555691641', '555691637', '555786435', '555624871', '555691639']",['5696'],"['ICES', 'ICCAT', 'NASCO', 'NEAFC', 'NAMMCO', 'IWC', 'ACAP']","['27.7', '27.7.f', '27', '27.7.e', '27.7.g']",['27'],['5696'],[],[],[],44.0,41.0,45.790476999999996,41.573862999999996,c16fcdca4-4c17-9f98-38e1-8a0fea49d81c,F/V SCUDERIA,228045900,FRA,fishing,"[{'has_publicly_listed_authorization': 'false', 'rfmo': 'ICCAT'}]",,726.2509548931546,2.8463171035907084,,False,not_matching_relevant_public_authorization,2026-04-25 05:35:10.713253
2025-04-19 00:30:00+00:00,2025-04-24 12:01:00+00:00,1ee196222aa0fb6ad882acc98e5055f6,fishing,"[-0.6092816666666749, 49.625635, -0.7639499999999941, 49.76420666666667]",,,,,49.6876,-0.6982,[],['5677'],"['ACAP', 'NEAFC', 'NAMMCO', 'IWC', 'ICCAT', 'ICES', 'NASCO']","['27.7.d', '27.7', '27']",['27'],[],[],[],[],31.0,37.0,24.007869,24.891080000000002,b9c732c88-81da-3e9a-a0bb-0311e565a8a8,WHITE ROSE PH279,234209000,GBR,fishing,"[{'has_publicly_listed_authorization': 'false', 'rfmo': 'ICCAT'}]",,556.8664645147409,2.3206680217048077,,False,not_matching_relevant_public_authorization,2026-04-25 05:35:10.713253
2025-04-19 02:35:22+00:00,2025-04-24 20:17:41+00:00,6075c5afe3eaa0391cb59b7b27f0be58,fishing,"[-0.8996866666666666, 57.59841333333333, -0.16166666666666665, 58.07833333333333]",,,,,57.7735,-0.6293,[],['5696'],"['NAMMCO', 'NASCO', 'IWC', 'NEAFC', 'ACAP', 'ICES', 'ICCAT']","['27.4.a', '27', '27.4']",['27'],[],[],[],[],53.0,112.0,23.829695,31.473781,32d40b84e-e78b-e4a6-22a1-0da288146cf6,AMETHYST,232025724,GBR,fishing,"[{'has_publicly_listed_authorization': 'false', 'rfmo': 'ICCAT'}]",,701.5841577429126,2.8251318347121472,,False,not_matching_relevant_public_authorization,2026-04-25 05:35:10.713253
2025-04-19 03:25:20+00:00,2025-04-24 23:56:45+00:00,6ecc8ba8b8753bb0e71139cc450f1aca,fishing,"[114.539693, 22.70786, 114.543707, 22.714515]",,,,,22.7099,114.5424,[],['8486'],"['APFIC', 'ACAP', 'IWC', 'WCPFC']",['61'],['61'],[],[],[],[],1.0,1.0,0.0,0.0,11587a2dc-c604-a9e7-9e9c-d26b13d8dc3f,,223421114,,fishing,"[{'has_publicly_listed_authorization': 'false', 'rfmo': 'WCPFC'}]",,32.60500597282846,0.4479758828596038,,False,not_matching_relevant_public_authorization,2026-04-25 05:35:10.713253
2025-04-19 04:48:04+00:00,2025-04-24 02:20:03+00:00,577dc8f240b24bfb65b7ed1277c2700a,fishing,"[112.875642, 21.374082, 113.574915, 21.665065]",,,,,21.5234,113.2039,[],['8486'],"['APFIC', 'IWC', 'WCPFC', 'ACAP']",['61'],['61'],['8486'],[],[],[],25.0,29.0,25.658416000000003,26.721971,a4d9a3d50-07b5-1601-c40d-e88ae51ed3fe,YU677,412501037,CHN,fishing,"[{'has_publicly_listed_authorization': 'false', 'rfmo': 'WCPFC'}]",,707.7105801434079,3.4761014686248295,,False,not_matching_relevant_public_authorization,2026-04-25 05:35:10.713253
2025-04-19 04:50:19+00:00,2025-04-24 23:58:09+00:00,9016584bc4d126bbe08ee5770e123755,fishing,"[120.247408, 35.224625, 120.441938, 35.430643]",,,,,35.2947,120.3227,[],['8486'],"['ACAP', 'WCPFC', 'PICES', 'IWC']",['61'],['61'],['8486'],[],[],[],55.0,43.0,23.253974999999997,42.540414,04cfbed7b-b3dc-afc8-c2d3-cc0976f238ff,LUDONGGANGYU61368,412321952,CHN,fishing,"[{'has_publicly_listed_authorization': 'false', 'rfmo': 'WCPFC'}]",,470.0755100416126,1.934553775743709,,False,not_matching_relevant_public_authorization,2026-04-25 05:35:10.713253
2025-04-19 04:50:44+00:00,2025-04-24 14:11:24+00:00,feabec2ba9acf8ad749525fda48a7890,fishing,"[66.998645, 23.514896666666665, 67.41028666666666, 24.32642166666667]",,,,,23.8403,67.1265,[],['8359'],"['IOTC', 'ACAP', 'IWC']","['51.4', '51']",['51'],['8359'],[],[],[],65.0,0.0,113.41882000000001,45.870176,f88a94507-7cd2-a6c3-00c0-fcbac7422bcc,SHEHBAZ GHANI,463172622,PAK,fishing,"[{'has_publicly_listed_authorization': 'false', 'rfmo': 'IOTC'}]",,641.1793706823433,2.823237722240641,,False,not_matching_relevant_public_authorization,2026-04-25 05:35:10.713253
2025-04-19 04:56:53+00:00,2025-04-24 02:50:51+00:00,bacdedb0ddbb96ac495ad3012933267e,fishing,"[152.791887, -22.615233, 153.379962, -22.17204]",,,,,-22.3749,153.255,"['2628_5', '2571', '555556875_3']",['8323'],"['IWC', 'FFA', 'WCPFC', 'ACAP']",['71'],['71'],[],[],[],[],133.0,212.0,127.55068,203.11595300000002,d5825eb15-5a24-54b8-c3fb-c5c89a647c2b,F.V JACQUELENE C,503061850,AUS,fishing,"[{'has_publicly_listed_authorization': 'false', 'rfmo': 'WCPFC'}]",,459.27214266171313,2.9195913461538434,,False,not_matching_relevant_public_authorization,2026-04-25 05:35:10.713253
2025-04-19 05:46:08+00:00,2025-04-24 23:57:13+00:00,5961f36ef0b2c95df923cf737a1336b1,fishing,"[-17.267486666666667, 11.082555, -17.07975, 11.521273333333333]",,,,,11.4006,-17.1893,[],['8471'],"['ACAP', 'IWC', 'NAMMCO', 'ICCAT', 'SRFC']","['34.3.13', '34', '34.3.1', '34.3']",['34'],[],[],[],[],89.0,69.0,197.52445300000002,148.03384400000002,bbba961c9-9f6c-7ddb-69db-a6f4016b1484,YUAN YU 890,412549341,CHN,fishing,"[{'has_publicly_listed_authorization': 'false', 'rfmo': 'ICCAT'}]",,948.3051145665254,3.675024679644685,,False,not_matching_relevant_public_authorization,2026-04-25 05:35:10.713253
2025-04-19 05:57:06+00:00,2025-04-24 02:25:49+00:00,d7b3d017c131d48b5d05e58fbf283fac,fishing,"[113.640495, 21.588817, 114.646195, 22.084878]",,,,,21.8602,114.2929,[],['8486'],"['ACAP', 'IWC', 'WCPFC', 'APFIC']",['61'],['61'],['8486'],[],[],[],37.0,35.0,36.926125,18.579824000000002,e02586014-4d77-0694-de9f-2163295de84c,1,600925197,,fishing,"[{'has_publicly_listed_authorization': 'false', 'rfmo': 'WCPFC'}]",,673.7765641858131,3.0446540880503123,,False,not_matching_relevant_public_authorization,2026-04-25 05:35:10.713253
2025-04-19 06:53:14+00:00,2025-04-24 02:20:29+00:00,b1f0daba737eab5c0c00f71e0538d862,fishing,"[121.468333, 28.692772, 121.473335, 28.695778]",,,,,28.6938,121.4713,[],['8486'],"['WCPFC', 'ACAP', 'APFIC', 'IWC']",['61'],['61'],[],[],[],[],1.0,0.0,0.0,1.111949,a630b7dac-cfbf-e1e9-b5ed-b8b5f6023e57,MINXIAYUYUN08180,412443189,CHN,fishing,"[{'has_publicly_listed_authorization': 'false', 'rfmo': 'WCPFC'}]",,20.18115541835114,0.4258438818565398,,False,not_matching_relevant_public_authorization,2026-04-25 05:35:10.713253
2025-04-19 07:23:52+00:00,2025-04-24 18:35:50+00:00,29673b5e455bed7124a59202c8d07426,fishing,"[112.12557666666666, 20.38898, 113.662795, 21.283226666666668]",,,,,20.8912,112.7486,[],['8486'],"['APFIC', 'IWC', 'ACAP', 'WCPFC']",['61'],['61'],[],[],[],[],100.0,71.0,122.73168,64.29518,a65998a09-967b-999a-ab72-9cd5891d76a3,32036,888686668,,fishing,"[{'has_publicly_listed_authorization': 'false', 'rfmo': 'WCPFC'}]",,726.1739314671013,3.0382352919482165,,False,not_matching_relevant_public_authorization,2026-04-25 05:35:10.713253
2025-04-19 09:41:23+00:00,2025-04-24 02:11:02+00:00,ad81142d6f154d5bec43ef41dd1797bc,fishing,"[122.259063, 29.944783, 122.263162, 29.94812]",,,,,29.946,122.2611,[],['8486'],"['ACAP', 'IWC', 'WCPFC', 'NACA', 'APFIC']",['61'],['61'],[],[],[],[],1.0,1.0,0.0,0.0,65c561a86-6975-e5a1-2dda-e6eaa6b74616,ZHE PU YU 68368,412422665,CHN,fishing,"[{'has_publicly_listed_authorization': 'false', 'rfmo': 'WCPFC'}]",,13.267590943622663,0.1630167597765364,,False,not_matching_relevant_public_authorization,2026-04-25 05:35:10.713253
2025-04-19 09:51:20+00:00,2025-04-24 19:50:13+00:00,317ada559f4fdf6f9216fe88721cd63d,fishing,"[117.775363, 23.402848, 118.266325, 23.807385]",,,,,23.5531,117.9306,[],['8486'],"['APFIC', 'IWC', 'WCPFC', 'ACAP']",['61'],['61'],['8486'],[],[],[],41.0,46.0,33.707605,39.129809,9211b5d2b-b7af-585f-a086-e257078699db,MINDONGYU61908,412441908,CHN,fishing,"[{'has_publicly_listed_authorization': 'false', 'rfmo': 'WCPFC'}]",,782.1240890653684,3.4081833060556432,,False,not_matching_relevant_public_authorization,2026-04-25 05:35:10.713253
2025-04-19 13:20:09+00:00,2025-04-24 16:23:17+00:00,244619707cd6bc727fb9d65452f324d5,fishing,"[100.145862, 12.231207, 100.18707, 12.657615]",,,,,12.3958,100.1585,[],['8332'],"['IWC', 'SEAFDEC', 'APFIC', 'WCPFC', 'ACAP']",['71'],['71'],['8332'],[],[],[],13.0,25.0,87.83169500000001,70.65408599999999,1b5fe24bf-f193-263e-c428-d0599ea46210,SH906493,567906493,THA,fishing,"[{'has_publicly_listed_authorization': 'false', 'rfmo': 'WCPFC'}]",,585.6823093252501,2.5697246287128688,,False,not_matching_relevant_public_authorization,2026-04-25 05:35:10.713253
2025-04-19 13:25:15+00:00,2025-04-24 10:52:35+00:00,fbee9a9ce932e89313bc5df6bad0fe5c,fishing,"[-6.713525, 60.25684, -5.782188333333333, 60.513615]",,,,,60.3341,-6.1964,[],['8435'],"['ICES', 'NASCO', 'ACAP', 'NAMMCO', 'ICCAT', 'NEAFC', 'IWC']","['27', '27.5', '27.5.b.1', '27.5.b', '27.5.b.1.b']",['27'],[],[],[],[],127.0,110.0,134.654688,93.268727,d76c020ea-ab29-1542-f043-b7ddc2c56118,KAPITAN SULIMOV,273435580,RUS,fishing,"[{'has_publicly_listed_authorization': 'false', 'rfmo': 'ICCAT'}]",,679.5923460635412,3.514761901091017,,False,not_matching_relevant_public_authorization,2026-04-25 05:35:10.713253
2025-04-19 14:28:00+00:00,2025-04-24 02:09:07+00:00,45d70a51c6c53e62053524137fbe15c9,fishing,"[113.765125, 21.556625, 114.540013, 21.890787]",,,,,21.8008,114.2769,[],['8486'],"['IWC', 'WCPFC', 'ACAP', 'APFIC']",['61'],['61'],['8486'],[],[],[],40.0,31.0,40.149918,18.124174,56417b63b-ba13-66eb-e40b-c7fd95fa6150,ZHUWAN3561,412465641,CHN,fishing,"[{'has_publicly_listed_authorization': 'false', 'rfmo': 'WCPFC'}]",,525.2760621367642,2.9776636713735525,,False,not_matching_relevant_public_authorization,2026-04-25 05:35:10.713253
2025-04-19 15:03:08+00:00,2025-04-24 21:38:25+00:00,dec002a5b4c9403ab5752139b90fe568,fishing,"[36.25130999999999, 74.14230833333333, 35.252880000000005, 74.556585]",,,,,74.2693,35.6319,[],['33181'],"['IWC', 'ICES', 'ACAP', 'NASCO', 'NEAFC', 'NAMMCO']","['27.1', '27', '27.1.a']",['27'],[],['63203'],[],[],410.0,356.0,432.712344,451.264375,d817b4ca5-58b7-7e73-a0b2-9ad1398adb29,SANTA PRINCESA,263442601,PRT,fishing,"[{'has_publicly_listed_authorization': None, 'rfmo': None}]",,580.14661250033,2.4638204987888064,,False,publicly_authorized,2026-04-25 05:35:10.713253
2025-04-19 15:09:12+00:00,2025-04-24 23:59:21+00:00,411828d2ae23ee2994659bf0d64f9ad7,fishing,"[0.041666666666666664, 5.602596666666667, 0.04388333333333334, 5.604638333333333]",,,,,5.6039,0.0433,[],['8400'],"['ICCAT', 'ACAP', 'NAMMCO', 'IWC', 'FCWC']","['34', '34.3.4', '34.3']",['34'],['8400'],[],[],[],5.0,5.0,0.0,0.0,2842f60c5-5d09-d79a-ea8d-a65b3a62a81b,DICHA UNO,312697000,BLZ,fishing,"[{'has_publicly_listed_authorization': 'true', 'rfmo': 'ICCAT'}]",,6.627383978029498,0.1595712985346947,,False,publicly_authorized,2026-04-25 05:35:10.713253
2025-04-19 16:24:29+00:00,2025-04-24 23:58:25+00:00,af6cdc91f05793ea8ed3c86f429c20d8,fishing,"[98.135473, 4.557997, 98.571117, 5.26265]",,,,,4.9428,98.3872,[],['8492'],"['ACAP', 'APFIC', 'IWC', 'SEAFDEC', 'IOTC']","['57.1', '57']",['57'],['8492'],[],[],[],3.0,84.0,14.025456,94.67393,b1ac451d6-6f83-b181-0cf7-ec23260f4a80,KM 123,525124161,IDN,fishing,"[{'has_publicly_listed_authorization': 'false', 'rfmo': 'IOTC'}]",,541.3092276628223,2.4569471624266175,,False,not_matching_relevant_public_authorization,2026-04-25 05:35:10.713253
2025-04-19 18:25:10+00:00,2025-04-24 02:51:41+00:00,16105791c16699a4c06da1670c8cdb5f,fishing,"[-4.982490000000013, 54.09274666666666, -5.268791666666658, 54.37746166666667]",,,,,54.2241,-5.1534,"['555624876', '555691642', '555786438']",['5696'],"['ICCAT', 'NASCO', 'ACAP', 'NEAFC', 'ICES', 'NAMMCO', 'IWC']","['27', '27.7', '27.7.a']",['27'],[],[],[],[],10.0,13.0,13.695639,14.145681,35c8d14c1-1fd8-f882-f384-b1478e4116b3,FAIRHAVENS,235114728,GBR,fishing,"[{'has_publicly_listed_authorization': 'false', 'rfmo': 'ICCAT'}]",,579.7972428215733,3.073527548115338,,False,not_matching_relevant_public_authorization,2026-04-25 05:35:10.713253
2025-04-19 18:31:37+00:00,2025-04-24 23:56:15+00:00,04acd1caa4fc7ad2dcef22ae9d06a5b9,fishing,"[123.20135166666667, 29.590161666666667, 123.86717, 30.07309]",,,,,29.7713,123.5925,[],['8486'],"['IWC', 'WCPFC', 'ACAP', 'PICES', 'APFIC']",['61'],['61'],[],[],[],[],73.0,99.0,56.010566,90.136539,461f1337e-ea0a-2c7d-7357-f3cd2a166001,ZHEFENGYU15076,412438519,CHN,fishing,"[{'has_publicly_listed_authorization': 'false', 'rfmo': 'WCPFC'}]",,780.2130071515138,3.493347873649236,,False,not_matching_relevant_public_authorization,2026-04-25 05:35:10.713253
2025-04-19 19:36:41+00:00,2025-04-25 14:23:44+00:00,1557897df60358af3305c83ea1b10ede,fishing,"[-6.7994683333333334, 60.237566666666666, -5.72229, 60.495675]",,,,,60.3246,-6.1957,[],['8435'],"['ICES', 'ACAP', 'ICCAT', 'IWC', 'NAMMCO', 'NASCO', 'NEAFC']","['27.5', '27', '27.5.b.1.b', '27.5.b.1', '27.5.b']",['27'],[],[],[],[],129.0,113.0,136.770828,89.861023,af0658f64-4647-bccb-3a71-1f1c38a99db9,BALTIYSKAYA KOSA,273391650,RUS,fishing,"[{'has_publicly_listed_authorization': 'false', 'rfmo': 'ICCAT'}]",,742.6292188116105,3.639693351935286,,False,not_matching_relevant_public_authorization,2026-04-25 05:35:10.713253
2025-04-19 19:59:26+00:00,2025-04-24 21:20:04+00:00,64902c60afe065b4f54350afb1a208df,fishing,"[124.253345, 27.679053333333332, 124.60385333333333, 28.622805]",,,,,27.9636,124.4606,[],"['8486', '48954']","['ACAP', 'APFIC', 'WCPFC', 'IWC']",['61'],['61'],[],[],[],[],202.0,231.0,235.348219,225.85675,8dd962d1c-cdd7-ca34-7a82-40f2b335c420,ZHEXIANGYU40058,412435861,CHN,fishing,"[{'has_publicly_listed_authorization': 'false', 'rfmo': 'WCPFC'}]",,593.4157876556548,2.7506880684234534,,False,not_matching_relevant_public_authorization,2026-04-25 05:35:10.713253
2025-04-19 20:10:08+00:00,2025-04-24 23:42:58+00:00,758694986f28ea70e95f13c43e620db5,fishing,"[42.213878333333334, 69.50998666666666, 44.155855, 70.082615]",,,,,69.7054,43.2535,[],['5690'],"['ACAP', 'NAMMCO', 'IWC', 'NEAFC', 'ICES', 'NASCO']","['27', '27.1.b', '27.1']",['27'],[],[],[],[],102.0,159.0,310.139625,338.869688,c2c17e1e0-0a4c-5e89-2113-6bbba7fde6d3,TOR,273555000,RUS,fishing,"[{'has_publicly_listed_authorization': None, 'rfmo': None}]",,794.3150281509152,3.781944440395545,,False,publicly_authorized,2026-04-25 05:35:10.713253
2025-04-19 21:38:42+00:00,2025-04-24 23:58:21+00:00,ae1000c7af55d6a5f674f86656eaad05,fishing,"[100.472793, 12.677022000000001, 100.605827, 13.056147]",,,,,12.8819,100.5293,[],['8332'],"['SEAFDEC', 'ACAP', 'WCPFC', 'APFIC', 'IWC']",['71'],['71'],[],[],[],[],30.0,11.0,40.198699,14.766098,f5fe0693d-df5e-8170-6ad9-937f7cd8448a,,417091202,LKA,fishing,"[{'has_publicly_listed_authorization': 'false', 'rfmo': 'WCPFC'}]",,437.04710728233874,1.975932611311672,,False,not_matching_relevant_public_authorization,2026-04-25 05:35:10.713253
2025-04-19 22:00:34+00:00,2025-04-24 11:06:12+00:00,ac0e9bcfac5cc3366307edd799458f74,fishing,"[100.447075, 12.730715, 100.639992, 13.099555]",,,,,12.9097,100.5778,[],['8332'],"['WCPFC', 'ACAP', 'APFIC', 'IWC', 'SEAFDEC']",['71'],['71'],[],[],[],[],28.0,15.0,42.433870999999996,10.830118,1d5a09dc3-337c-f6ec-8e39-c5e9a9006f76,SH907914,567907914,THA,fishing,"[{'has_publicly_listed_authorization': 'false', 'rfmo': 'WCPFC'}]",,379.1887629159321,1.9341666666666661,,False,not_matching_relevant_public_authorization,2026-04-25 05:35:10.713253
2025-04-19 22:34:19+00:00,2025-04-24 23:48:03+00:00,cdc66643021938052dccd7c86d3839a8,fishing,"[100.274027, 13.029893, 100.682733, 13.281888]",,,,,13.2129,100.491,[],['8332'],"['APFIC', 'SEAFDEC', 'IWC', 'ACAP', 'WCPFC']",['71'],['71'],[],[],[],[],18.0,17.0,47.78775,6.4381129999999995,64ce13a37-7539-60b0-f30d-1d6f7c395fef,SILAKEAW 1   9B,567233062,THA,fishing,"[{'has_publicly_listed_authorization': 'false', 'rfmo': 'WCPFC'}]",,771.7096268857271,3.660385626643297,,False,not_matching_relevant_public_authorization,2026-04-25 05:35:10.713253
2025-04-19 22:39:42+00:00,2025-04-24 01:28:07+00:00,f365dd54ec3ec5383b1318b767140b8e,fishing,"[62.891492, 24.487073, 63.390935, 24.864662]",,,,,24.6878,63.1918,[],['8359'],"['ACAP', 'IOTC', 'IWC']","['51', '51.4']",['51'],[],[],[],[],81.0,40.0,87.885625,108.44383599999999,ffdcad9d0-0025-e64f-5e9f-938f95fbfbd6,AL-JIHAAD-13086:BFD:,463166786,PAK,fishing,"[{'has_publicly_listed_authorization': 'false', 'rfmo': 'IOTC'}]",,229.26167064394716,1.7566666666666662,,False,not_matching_relevant_public_authorization,2026-04-25 05:35:10.713253
2025-04-19 23:00:48+00:00,2025-04-24 23:14:04+00:00,8b5da0a1743695ac2bb2a9aa5110978a,fishing,"[12.694871666666666, -22.347018333333335, 12.848226666666667, -21.67816]",,,,,-21.9726,12.7384,[],['8395'],"['ACAP', 'IWC', 'ICCAT', 'CCSBT']","['47.1.4', '47.1', '47']",['47'],[],[],[],[],144.0,97.0,190.665312,212.018844,ea73a7c9e-e9d1-170c-55da-ca8700b9f7e8,BIANCA,659100000,NAM,fishing,"[{'has_publicly_listed_authorization': 'false', 'rfmo': 'CCSBT'}, {'has_publicly_listed_authorization': 'false', 'rfmo': 'ICCAT'}]",,662.4325270049541,2.9716588367615504,,False,not_matching_relevant_public_authorization,2026-04-25 05:35:10.713253
2025-04-19 23:04:05+00:00,2025-04-24 00:32:28+00:00,102105bbbefdccb55b60748d9244ba62,fishing,"[122.614693, 27.405098, 122.99768, 27.784053]",,,,,27.5815,122.8506,[],['8486'],"['APFIC', 'ACAP', 'WCPFC', 'IWC']",['61'],['61'],[],[],[],[],130.0,127.0,101.82832,126.873727,4ce30763f-f45a-829a-19ed-ef2c0e026211,ZHELINGYU93010,412416429,CHN,fishing,"[{'has_publicly_listed_authorization': 'false', 'rfmo': 'WCPFC'}]",,359.08311868872096,2.2030470914127425,,False,not_matching_relevant_public_authorization,2026-04-25 05:35:10.713253
2025-04-20 00:27:49+00:00,2025-04-24 01:14:21+00:00,79750e9aa1d33c5f66e850a87f7b4cb4,fishing,"[-11.548086666666677, 51.690083333333334, -12.385136666666654, 52.81286]",,,,,52.4166,-12.0936,[],['5681'],"['ICCAT', 'ICES', 'IWC', 'NASCO', 'NEAFC', 'NAMMCO', 'ACAP']","['27.7.k.2', '27.7.j.2', '27.7', '27', '27.7.c', '27.7.j', '27.7.c.2', '27.7.k']",['27'],[],[],[],[],75.0,143.0,91.296734,161.15403099999997,afa9889ba-ab6d-eee9-b80c-7a3f24fa0b49,F/V LE BARON,227436000,FRA,fishing,"[{'has_publicly_listed_authorization': 'true', 'rfmo': 'ICCAT'}]",,518.5343635537625,3.101162773751934,,False,publicly_authorized,2026-04-25 05:35:10.713253
2025-04-20 00:32:30+00:00,2025-04-24 23:58:09+00:00,145ef39e54dfb0bed6d49029c16bb9be,fishing,"[-13.803411666666667, 27.247013333333335, -13.474388333333334, 28.025446666666667]",,,,,27.6738,-13.6466,[],"['8368', '8367']","['ICCAT', 'NAMMCO', 'ACAP', 'IWC']","['34.1', '34.1.13', '34.1.1', '34']",['34'],[],[],[],[],39.0,47.0,35.780046999999996,55.34251999999999,3c6bf7d90-0525-9713-8816-f6dcdce36afb,,242453400,MAR,fishing,"[{'has_publicly_listed_authorization': 'false', 'rfmo': 'ICCAT'}]",,634.7325381523056,2.7997084735260067,,False,not_matching_relevant_public_authorization,2026-04-25 05:35:10.713253
2025-04-20 01:21:35+00:00,2025-04-24 23:56:15+00:00,11037611abc376952d3eaace4ad116aa,fishing,"[12.74645666666666, -8.246571666666666, 12.495541666666668, -7.629251666666667]",,,,,-8.0175,12.6582,[],['8478'],"['ACAP', 'ICCAT', 'IWC']","['47.1.1', '47.1', '47']",['47'],[],[],[],[],54.0,52.0,59.694191000000004,37.724852,f1052c552-27b0-2cd4-603f-a908f3c71830,CAMPELO 2,603100421,AGO,fishing,"[{'has_publicly_listed_authorization': 'false', 'rfmo': 'ICCAT'}]",,759.3215419784237,3.4349999962194304,,False,not_matching_relevant_public_authorization,2026-04-25 05:35:10.713253
2025-04-20 02:13:21+00:00,2025-04-24 07:52:03+00:00,49d1292967f5959e47279ddf13110171,fishing,"[107.350622, 18.358607, 107.681438, 19.349088]",,,,,18.8062,107.487,[],['8486'],"['SEAFDEC', 'ACAP', 'APFIC', 'WCPFC', 'IWC']",['61'],['61'],[],[],[],[],98.0,86.0,99.359203,94.85185899999999,9943d82af-f5dc-9b82-ca35-4f74e40c1635,GUI HE YU83026,412500858,CHN,fishing,"[{'has_publicly_listed_authorization': 'false', 'rfmo': 'WCPFC'}]",,592.2878661469397,3.290137614678901,,False,not_matching_relevant_public_authorization,2026-04-25 05:35:10.713253
2025-04-20 02:15:37+00:00,2025-04-26 10:05:03+00:00,e356d4799619fecb3e62b33b62eb9189,fishing,"[-0.3708383333333245, 57.603155, -0.8899999999999864, 58.180055]",,,,,57.8296,-0.5894,[],['5696'],"['ICES', 'NASCO', 'NAMMCO', 'ACAP', 'ICCAT', 'IWC', 'NEAFC']","['27', '27.4.a', '27.4']",['27'],[],[],[],[],84.0,83.0,43.110887000000005,24.526419999999998,60db082d9-94e2-4083-0206-2b81d0bae291,OCEAN CHALLENGE BF85,235098956,GBR,fishing,"[{'has_publicly_listed_authorization': 'false', 'rfmo': 'ICCAT'}]",,634.5851766098951,2.8392193322675787,,False,not_matching_relevant_public_authorization,2026-04-25 05:35:10.713253
2025-04-20 02:47:03+00:00,2025-04-24 06:15:05+00:00,b528b854d2a147f47090ab8a88eb1f53,fishing,"[120.274515, 35.21992, 120.447237, 35.399773333333336]",,,,,35.287,120.3245,[],['8486'],"['PICES', 'ACAP', 'IWC', 'WCPFC']",['61'],['61'],['8486'],[],[],[],56.0,47.0,24.634859,45.961538999999995,8723786fb-bfa8-5652-6d19-f7724a249d12,61895,412326756,CHN,fishing,"[{'has_publicly_listed_authorization': 'false', 'rfmo': 'WCPFC'}]",,323.2579108958739,1.8124474369434378,,False,not_matching_relevant_public_authorization,2026-04-25 05:35:10.713253
2025-04-20 03:07:27+00:00,2025-04-24 23:18:49+00:00,b25d9574c86ccb69edd2fdf4bd9e248c,fishing,"[-6.249031666666666, 49.07001833333333, -5.05498, 49.487665]",,,,,49.2589,-5.7902,"['555643633', '555635560']","['5677', '5696']","['ICCAT', 'NEAFC', 'ICES', 'IWC', 'NASCO', 'NAMMCO', 'ACAP']","['27.7', '27', '27.7.h']",['27'],[],[],[],[],92.0,54.0,91.362812,57.821363,05f7f3d0e-e74d-f1c6-12f9-04e4484477ed,F\V CALIFORNIA,228089900,FRA,fishing,"[{'has_publicly_listed_authorization': 'false', 'rfmo': 'ICCAT'}]",,613.6543424244348,3.0041582122989157,,False,not_matching_relevant_public_authorization,2026-04-25 05:35:10.713253
2025-04-20 03:30:05+00:00,2025-04-24 23:58:54+00:00,acd1fd84e4f247604fd6e1b48fec92e8,fishing,"[111.694908, 21.431777, 112.183223, 21.695442]",,,,,21.5679,111.9864,[],['8486'],"['WCPFC', 'ACAP', 'IWC', 'APFIC']",['61'],['61'],[],[],[],[],12.0,4.0,10.290839,3.8145700000000002,aaac27fb4-49f2-0b7b-ee6c-75fbe18a3cde,YUEJIANGCHENGYU90682,412463576,CHN,fishing,"[{'has_publicly_listed_authorization': 'false', 'rfmo': 'WCPFC'}]",,701.0397242148616,3.2374040474528942,,False,not_matching_relevant_public_authorization,2026-04-25 05:35:10.713253
2025-04-20 03:31:37+00:00,2025-04-24 23:31:17+00:00,97dfee7c565a0369d8e25af56410b8b1,fishing,"[-60.78913, -46.70714, -60.41922, -45.56738]",,,,,-46.1572,-60.5395,[],[],"['IWC', 'ICCAT', 'CCSBT', 'ACAP']","['41.3', '41', '41.3.1']",['41'],[],['63203'],[],[],381.0,401.0,398.534344,421.218219,66ea7e283-3ce3-262f-b428-ce7d14c7e0c4,HERMANOS GANDON 4,224463000,ESP,fishing,"[{'has_publicly_listed_authorization': 'false', 'rfmo': 'CCSBT'}, {'has_publicly_listed_authorization': 'false', 'rfmo': 'ICCAT'}]",,811.4413768901074,3.750343483851693,,True,not_matching_relevant_public_authorization,2026-04-25 05:35:10.713253
2025-04-20 04:44:56+00:00,2025-04-24 23:56:21+00:00,c9c022faf84babb451a9ebbbc8705d0c,fishing,"[62.53857166666667, 24.331445, 63.23298833333333, 24.882108333333335]",,,,,24.7191,62.9614,[],['8359'],"['IWC', 'ACAP', 'IOTC']","['51.4', '51']",['51'],[],[],[],[],87.0,40.0,88.829797,92.300867,143049cda-a852-ae8c-3c7b-f78261d302b7,GUL-E-JAHANZAIB,463172383,PAK,fishing,"[{'has_publicly_listed_authorization': 'false', 'rfmo': 'IOTC'}]",,327.64388691031,2.0757853414921894,,False,not_matching_relevant_public_authorization,2026-04-25 05:35:10.713253
2025-04-20 05:11:09+00:00,2025-04-24 15:12:03+00:00,5bd58509c0002fc14367d2e58efd1b32,fishing,"[-10.653333333333336, 50.32827833333333, -10.84833333333333, 50.458333333333336]",,,,,50.3815,-10.7376,[],['5681'],"['IWC', 'NASCO', 'ACAP', 'ICCAT', 'NAMMCO', 'NEAFC', 'ICES']","['27.7.j.2', '27.7', '27', '27.7.j']",['27'],[],[],[],[],138.0,132.0,142.233531,136.980516,7f252ae39-994b-fd1b-fd5d-8f5e25135e1b,MEN SCOEDEC,250000917,IRL,fishing,"[{'has_publicly_listed_authorization': 'false', 'rfmo': 'ICCAT'}]",,318.63608029928554,2.5514376934724896,,False,not_matching_relevant_public_authorization,2026-04-25 05:35:10.713253
2025-04-20 05:15:10+00:00,2025-04-24 23:59:50+00:00,9828fd6ff52a9f7399561aae9c704ea9,fishing,"[121.213637, 26.972172, 121.59525, 27.418852]",,,,,27.2014,121.4745,[],['8486'],"['WCPFC', 'APFIC', 'IWC', 'ACAP']",['61'],['61'],[],[],[],[],49.0,44.0,37.718602,20.015088,9915e08ab-b96b-3576-94d4-b3a48905a339,ZHELINGYU69362,412418256,CHN,fishing,"[{'has_publicly_listed_authorization': 'false', 'rfmo': 'WCPFC'}]",,403.3446972681729,2.0001182732111187,,False,not_matching_relevant_public_authorization,2026-04-25 05:35:10.713253
2025-04-20 06:15:22+00:00,2025-04-24 23:56:27+00:00,bf100e31726a0e24af84e0fe40a8bf33,fishing,"[114.521445, 22.702093, 114.540408, 22.728302]",,,,,22.7101,114.5294,[],['8486'],"['WCPFC', 'NACA', 'APFIC']",['61'],['61'],[],[],[],[],0.0,0.0,1.025816,2.223899,2996e6ad5-56be-5e73-9edf-1ac591f5ca9e,YUEHUIWANYU05182,412468869,CHN,fishing,"[{'has_publicly_listed_authorization': 'false', 'rfmo': 'WCPFC'}]",,31.307919155480043,0.26354378818737295,,False,not_matching_relevant_public_authorization,2026-04-25 05:35:10.713253
2025-04-20 06:15:56+00:00,2025-04-24 23:33:47+00:00,126614caa0867e30e51b86170c1a1d1a,fishing,"[-12.401666666666667, 52.201945, -11.650186666666666, 53.28480666666667]",,,,,52.8119,-12.2029,[],['5681'],"['NAMMCO', 'ACAP', 'ICES', 'ICCAT', 'IWC', 'NEAFC', 'NASCO']","['27.7', '27.7.b', '27.7.c.2', '27', '27.7.c', '27.7.j.2', '27.7.j']",['27'],[],[],[],[],123.0,96.0,144.72875,102.180508,883841a88-8db6-8eb6-dacd-f5e483972152,F/V RIO DA BOUZA,228004700,FRA,fishing,"[{'has_publicly_listed_authorization': 'false', 'rfmo': 'ICCAT'}]",,618.7452223731802,3.4552763832274387,,False,not_matching_relevant_public_authorization,2026-04-25 05:35:10.713253
2025-04-20 06:43:20+00:00,2025-04-24 21:41:15+00:00,625856ac2f24493a2488aa0a831f94d4,fishing,"[122.258002, 29.938142, 122.267733, 29.943495]",,,,,29.9421,122.2668,[],['8486'],"['NACA', 'IWC', 'ACAP', 'WCPFC', 'APFIC']",['61'],['61'],[],[],[],[],1.0,1.0,0.0,0.0,359aa6d4d-d051-8172-459e-603beaa35ebb,ZHEPUYU68795,412424137,CHN,fishing,"[{'has_publicly_listed_authorization': 'false', 'rfmo': 'WCPFC'}]",,15.174662670786136,0.13709844559585502,,False,not_matching_relevant_public_authorization,2026-04-25 05:35:10.713253
2025-04-20 07:00:13+00:00,2025-04-24 04:56:37+00:00,8898f0582f73b59a6ac4c365d0392520,fishing,"[111.160793, 20.156547, 111.379587, 20.694613]",,,,,20.4086,111.295,[],['8486'],"['WCPFC', 'ACAP', 'IWC', 'APFIC']",['61'],['61'],[],[],[],[],21.0,77.0,51.198977,60.874621,08e98414e-ec9e-6c09-6740-f9e44e8d16f5,1,412519868,CHN,fishing,"[{'has_publicly_listed_authorization': 'false', 'rfmo': 'WCPFC'}]",,469.7329585205431,3.0141430948419323,,False,not_matching_relevant_public_authorization,2026-04-25 05:35:10.713253
2025-04-20 07:46:11+00:00,2025-04-24 08:52:59+00:00,1ebc7ee35d441d92d631481e6370d535,fishing,"[114.527023, 22.696075, 114.534875, 22.701123]",,,,,22.6984,114.5301,[],['8486'],"['APFIC', 'WCPFC', 'IWC', 'ACAP']",['61'],['61'],[],[],[],[],0.0,0.0,0.0,0.0,4ffb8a4d8-8409-8778-0681-319bc543b2e2,YUEHUIWANYUJIAO86092,412469645,CHN,fishing,"[{'has_publicly_listed_authorization': 'false', 'rfmo': 'WCPFC'}]",,19.358245420846412,0.40236406619385356,,False,not_matching_relevant_public_authorization,2026-04-25 05:35:10.713253
2025-04-20 07:48:28+00:00,2025-04-24 23:58:19+00:00,8dd550ad603497d5fd5e875498323e9a,fishing,"[-6.756605, 60.24641333333334, -5.600351666666667, 60.489915]",,,,,60.3549,-6.1887,[],['8435'],"['NEAFC', 'ICCAT', 'ICES', 'IWC', 'NAMMCO', 'NASCO', 'ACAP']","['27.5.b.1', '27.5.b.1.b', '27.5', '27', '27.5.b']",['27'],[],[],[],[],128.0,117.0,135.684812,83.19923399999999,ae1b1da78-87ff-0063-d920-cee82ee74de1,ZAMOSKVORECHYE,273259100,RUS,fishing,"[{'has_publicly_listed_authorization': 'false', 'rfmo': 'ICCAT'}]",,764.629261069202,3.8455479514517195,,False,not_matching_relevant_public_authorization,2026-04-25 05:35:10.713253
2025-04-20 08:38:56+00:00,2025-04-24 23:29:04+00:00,477e1ea1552b4303927e427b61f32a36,fishing,"[-57.582025, -41.92249, -58.07095666666666, -41.586983333333336]",,,,,-41.7923,-57.885,[],['8466'],"['ICCAT', 'IWC', 'CCSBT', 'ACAP']","['41', '41.3.1', '41.3']",['41'],[],[],[],[],380.0,333.0,383.56206199999997,339.09331199999997,9ed8f05d6-6e29-797f-b58a-d1d5b79fb5c3,MERCEA C,701000583,ARG,fishing,"[{'has_publicly_listed_authorization': 'false', 'rfmo': 'ICCAT'}, {'has_publicly_listed_authorization': 'false', 'rfmo': 'CCSBT'}]",,675.9331281290291,3.548977392433919,,False,not_matching_relevant_public_authorization,2026-04-25 05:35:10.713253
2025-04-20 08:44:30+00:00,2025-04-24 00:58:58+00:00,01521ca3a091eee3fb49eb3af4e67112,fishing,"[106.80817, 18.893848333333334, 107.19951166666667, 19.60983]",,,,,19.2585,107.0482,[],['8484'],"['APFIC', 'WCPFC', 'IWC', 'SEAFDEC', 'ACAP']",['61'],['61'],[],[],[],[],90.0,79.0,96.444398,115.810281,a29d86553-394b-85cc-759f-d252200d27da,DA CAO 29 D-39,574946521,VNM,fishing,"[{'has_publicly_listed_authorization': 'false', 'rfmo': 'WCPFC'}]",,308.50748813933694,2.0302066795160743,,False,not_matching_relevant_public_authorization,2026-04-25 05:35:10.713253
2025-04-20 08:50:00+00:00,2025-04-24 23:51:44+00:00,86348cc604ea64b7aeb970b63d504fc3,fishing,"[93.210932, -32.504657, 93.562028, -31.475357]",,,,,-32.1211,93.4414,[],[],"['CCSBT', 'ACAP', 'CCSBT-Primary-Area', 'IOTC', 'IWC', 'SIOFA']","['57.3', '57']",['57'],[],['63203'],[],[],1539.0,1622.0,2009.230375,1965.92225,e2a02e399-9565-e40e-d52d-b6f0add7fccd,BANDAR NELAYAN 276,525800518,IDN,fishing,"[{'has_publicly_listed_authorization': 'true', 'rfmo': 'CCSBT'}, {'has_publicly_listed_authorization': 'true', 'rfmo': 'IOTC'}]",,819.7789933659512,4.434467713787084,,False,publicly_authorized,2026-04-25 05:35:10.713253
2025-04-20 09:01:15+00:00,2025-04-24 23:57:42+00:00,b855d29ba4287e7936f349ab7fc419da,fishing,"[117.421502, 22.91764, 117.954907, 23.111077]",,,,,23.0364,117.6235,[],['8486'],"['APFIC', 'IWC', 'ACAP', 'WCPFC']",['61'],['61'],[],[],[],[],61.0,75.0,39.389793,15.333981,c3ea87f10-00a3-39bd-e3f3-e11e6348cfc4,,900029161,,fishing,"[{'has_publicly_listed_authorization': 'false', 'rfmo': 'WCPFC'}]",,746.710742159522,3.91529345372461,,False,not_matching_relevant_public_authorization,2026-04-25 05:35:10.713253
2025-04-20 09:20:32+00:00,2025-04-24 02:17:37+00:00,f169daeeed08fb137b7c3480fdcdc890,fishing,"[101.011905, 12.333028, 101.41177, 12.39382]",,,,,12.3714,101.1806,[],['8332'],"['IWC', 'ACAP', 'APFIC', 'WCPFC', 'SEAFDEC']",['71'],['71'],['8332'],[],[],[],21.0,16.0,26.431574,25.369396000000002,23fa099b8-86c2-b65b-5567-ae328bdae6a9,NAVEE27,567907906,THA,fishing,"[{'has_publicly_listed_authorization': 'false', 'rfmo': 'WCPFC'}]",,332.74483920843534,2.0776536312849143,,False,not_matching_relevant_public_authorization,2026-04-25 05:35:10.713253
2025-04-20 11:06:08+00:00,2025-05-12 07:02:02+00:00,f20bf996a3da1cfd8d8282231f54152b,fishing,"[11.286831666666671, 64.85906, 11.28304833333334, 64.8622]",,,,,64.8609,11.285,[],['5686'],"['EIFAAC', 'ICCAT']","['27.2.a.2', '27', '27.2.a', '27.2']",['27'],[],[],[],[],0.0,0.0,0.0,0.0,1acf3be2e-e080-8c78-156e-2e5fa7ec30ce,BUSKALG,257294720,NOR,fishing,"[{'has_publicly_listed_authorization': 'false', 'rfmo': 'ICCAT'}]",,286.86906892605253,0.06259949243669291,,False,not_matching_relevant_public_authorization,2026-04-25 05:35:10.713253
2025-04-20 11:24:49+00:00,2025-04-24 04:27:13+00:00,43c27620534da18f4911694d0b9e55b1,fishing,"[113.14163, 21.504067, 114.306695, 21.819425]",,,,,21.6849,113.6988,[],['8486'],"['IWC', 'WCPFC', 'ACAP', 'APFIC']",['61'],['61'],['8486'],[],[],[],28.0,22.0,31.01966,27.180504,f102d6ce1-15ed-7650-1cb6-1092ad8e272b,GUIBEIYU50388,412501044,CHN,fishing,"[{'has_publicly_listed_authorization': 'false', 'rfmo': 'WCPFC'}]",,575.4565634923196,3.67746806039489,,False,not_matching_relevant_public_authorization,2026-04-25 05:35:10.713253
2025-04-20 12:01:38+00:00,2025-04-24 23:59:13+00:00,2c1fbf0dd65193dd74d5811090121b89,fishing,"[-71.19263166666667, 41.12837, -71.04668, 41.24757666666667]",,,,,41.2073,-71.1206,[],['8456'],"['NASCO', 'ACAP', 'IWC', 'ICCAT', 'NAMMCO', 'NAFO']","['21', '21.5', '21.5.Z.w', '21.5.Z']",['21'],['8456'],[],[],[],30.0,18.0,25.132488000000002,21.394143,c973fd2fd-d2a1-3aee-e092-d49c40ef8321,FLEET KING,367751630,USA,fishing,"[{'has_publicly_listed_authorization': 'false', 'rfmo': 'ICCAT'}]",,465.32073882191474,2.371370351499007,,False,not_matching_relevant_public_authorization,2026-04-25 05:35:10.713253
2025-04-20 12:25:07+00:00,2025-04-24 02:56:18+00:00,4a838723406c577fe9d263afde41b141,fishing,"[48.958916999999985, 28.872638, 48.69277199999999, 29.36304]",,,,,29.1201,48.8403,[],['8357'],"['RECOFI', 'IOTC', 'ACAP', 'IWC']","['51.2', '51']",['51'],['8357'],[],[],[],57.0,29.0,43.409895,25.800652,fdbaab3bf-f457-55a7-dcca-418d181cc865,,447659000,KWT,fishing,"[{'has_publicly_listed_authorization': 'false', 'rfmo': 'IOTC'}]",,408.9994272801704,2.673327305605785,,False,not_matching_relevant_public_authorization,2026-04-25 05:35:10.713253
2025-04-20 12:25:47+00:00,2025-04-24 02:20:39+00:00,5565ce5bc10bf1d2285ed588c80a9389,fishing,"[100.980937, 12.278062, 101.502133, 12.450537]",,,,,12.3884,101.2847,[],['8332'],"['WCPFC', 'IWC', 'APFIC', 'ACAP', 'SEAFDEC']",['71'],['71'],['8332'],[],[],[],26.0,11.0,32.641208999999996,29.422354,8306a686a-a72f-189b-256d-2b8f36ec51a1,NAVEE37,567909966,THA,fishing,"[{'has_publicly_listed_authorization': 'false', 'rfmo': 'WCPFC'}]",,314.40289595320763,2.049898167006112,,False,not_matching_relevant_public_authorization,2026-04-25 05:35:10.713253
2025-04-20 13:06:41+00:00,2025-04-24 23:57:26+00:00,eeb7948adc9e6bd1f80d193801d5edc5,fishing,"[62.668388, 23.989795, 63.014955, 24.295078]",,,,,24.0823,62.8617,[],['8359'],"['IOTC', 'ACAP', 'IWC']","['51', '51.4']",['51'],[],[],[],[],127.0,101.0,128.67507799999998,112.058852,9f98fdc3d-d674-cbcd-a10f-87e871c40e3f,BABA REHMAN,463171028,PAK,fishing,"[{'has_publicly_listed_authorization': 'false', 'rfmo': 'IOTC'}]",,311.20406568970276,2.0054347826086945,,False,not_matching_relevant_public_authorization,2026-04-25 05:35:10.713253
2025-04-20 13:17:15+00:00,2025-04-24 23:58:27+00:00,e4bacaac108ed54f8219546d390d83bb,fishing,"[152.596015, 57.900866666666666, 153.34467666666666, 58.17579333333333]",,,,,58.0303,152.8959,[],['5690'],"['ACAP', 'PICES', 'IWC']",['61'],['61'],[],[],[],[],113.0,85.0,210.44882800000002,211.013312,9b97aea07-748b-3980-155a-16708547d87b,SAPFIR-1,273433540,RUS,fishing,"[{'has_publicly_listed_authorization': None, 'rfmo': None}]",,524.294429201108,2.671155642582675,,False,publicly_authorized,2026-04-25 05:35:10.713253
2025-04-20 13:29:07+00:00,2025-04-24 23:58:53+00:00,475856a9652cb5aa9b90e99ecda7bf40,fishing,"[-17.15676666666667, 13.094175, -17.547786666666667, 13.396613333333333]",,,,,13.1814,-17.4116,[],['8370'],"['IWC', 'SRFC', 'ICCAT', 'NAMMCO', 'ACAP']","['34', '34.3', '34.3.1', '34.3.12']",['34'],[],[],[],[],40.0,79.0,72.509766,105.008148,f581b4c7a-a4e9-81b0-dd1f-add5a6830a79,DIMITRIOS I,629009092,GMB,fishing,"[{'has_publicly_listed_authorization': 'false', 'rfmo': 'ICCAT'}]",,498.4630064155567,2.71068410611536,,False,not_matching_relevant_public_authorization,2026-04-25 05:35:10.713253
2025-04-20 13:37:42+00:00,2025-04-24 23:59:00+00:00,21f38ad260392e20ec05d4c3caffe9e8,fishing,"[-17.134216666666674, 11.301668333333334, -17.250676666666664, 11.533236666666667]",,,,,11.4344,-17.2157,[],['8471'],"['SRFC', 'NAMMCO', 'IWC', 'ACAP', 'ICCAT']","['34', '34.3', '34.3.13', '34.3.1']",['34'],[],[],[],[],70.0,87.0,171.254,158.89765599999998,02f3592a0-0a3e-9ca8-3827-877139e763f0,YUAN YU 891,412549342,CHN,fishing,"[{'has_publicly_listed_authorization': 'false', 'rfmo': 'ICCAT'}]",,748.0586843514068,3.7432439894999368,,False,not_matching_relevant_public_authorization,2026-04-25 05:35:10.713253
2025-04-20 15:52:11+00:00,2025-04-24 23:58:10+00:00,768818f8ba7d6c22ce1f39ddff6f2991,fishing,"[122.85064, 30.35944, 122.955825, 30.638007]",,,,,30.4841,122.9042,[],['8486'],"['PICES', 'ACAP', 'WCPFC', 'IWC']",['61'],['61'],[],[],[],[],12.0,15.0,9.465296,13.620359,88101e2e8-81d0-9029-84c5-105042985b63,ZHEPUYU19155,412424138,CHN,fishing,"[{'has_publicly_listed_authorization': 'false', 'rfmo': 'WCPFC'}]",,391.58887969715664,2.2978512396694217,,False,not_matching_relevant_public_authorization,2026-04-25 05:35:10.713253
2025-04-20 16:58:05+00:00,2025-04-24 23:59:13+00:00,b0b60a042919eb3edc0ff31eea256543,fishing,"[12.603713333333333, -22.220751666666665, 12.789826666666666, -21.300375]",,,,,-21.9047,12.7169,[],['8395'],"['ICCAT', 'ACAP', 'CCSBT', 'IWC']","['47.1.4', '47', '47.1']",['47'],[],[],[],[],147.0,80.0,204.231031,244.151391,636b87e5b-b799-93ad-4898-d79f76ef37fc,ARTHUR M,659193000,NAM,fishing,"[{'has_publicly_listed_authorization': 'false', 'rfmo': 'CCSBT'}, {'has_publicly_listed_authorization': 'false', 'rfmo': 'ICCAT'}]",,587.9181596858774,3.0534482700678125,,False,not_matching_relevant_public_authorization,2026-04-25 05:35:10.713253
2025-04-20 17:45:33+00:00,2025-04-24 11:15:51+00:00,ab3550553ef85ca14aefc51cf964f677,fishing,"[-6.68134, 60.23596833333333, -5.712975, 60.35962833333333]",,,,,60.3001,-6.1856,[],['8435'],"['NAMMCO', 'ACAP', 'ICCAT', 'NASCO', 'ICES', 'IWC', 'NEAFC']","['27', '27.5', '27.5.b', '27.5.b.1.b', '27.5.b.1']",['27'],[],[],[],[],129.0,127.0,136.95076600000002,88.53458599999999,9004146d2-2f61-691d-5536-73e026ce2436,ESTER,273397450,RUS,fishing,"[{'has_publicly_listed_authorization': 'false', 'rfmo': 'ICCAT'}]",,628.7995913187058,4.247186138000324,,False,not_matching_relevant_public_authorization,2026-04-25 05:35:10.713253
2025-04-20 18:01:58+00:00,2025-04-24 18:53:03+00:00,994b1d8f1fdc8b836febb47f42877099,fishing,"[100.20388166666666, 12.571635, 100.23033166666667, 12.854366666666667]",,,,,12.6452,100.2173,[],['8332'],"['SEAFDEC', 'IWC', 'APFIC', 'WCPFC', 'ACAP']",['71'],['71'],['8332'],[],[],[],24.0,24.0,70.929945,61.8595,a06885dff-f6a3-8368-a44a-ebded68e794a,CHOKPORNJINDA,567910594,THA,fishing,"[{'has_publicly_listed_authorization': 'false', 'rfmo': 'WCPFC'}]",,371.8944336595666,2.2237819004674257,,False,not_matching_relevant_public_authorization,2026-04-25 05:35:10.713253
2025-04-20 18:16:39+00:00,2025-04-24 23:59:45+00:00,30492b09f7987dae5251f1379b0953ba,fishing,"[-94.796332, 29.080237, -94.314505, 29.394687]",,,,,29.2866,-94.5785,[],['8456'],"['IWC', 'NAMMCO', 'ICCAT', 'ACAP']",['31'],['31'],['8456'],[],[],[],20.0,20.0,10.685582,12.458819,88c27235a-a2b3-81f9-91dc-bb42e65ce5ca,CAPT JOHNNY,368040580,USA,fishing,"[{'has_publicly_listed_authorization': 'false', 'rfmo': 'ICCAT'}]",,539.8587560700107,2.944971019434025,,False,not_matching_relevant_public_authorization,2026-04-25 05:35:10.713253
2025-04-20 19:06:10+00:00,2025-04-24 22:19:29+00:00,9836eb0902bd58bf6585efe323923c0b,fishing,"[-0.6055133333333345, 49.642041666666664, -0.6664183333333256, 49.72074166666667]",,,,,49.6746,-0.6396,[],['5677'],"['NEAFC', 'ACAP', 'ICCAT', 'NASCO', 'NAMMCO', 'ICES', 'IWC']","['27', '27.7.d', '27.7']",['27'],[],[],[],[],32.0,40.0,24.185053,28.192520000000002,e7d771363-37d1-3a39-9a70-5bd33de68a9d,STELLA MARIS,235000340,GBR,fishing,"[{'has_publicly_listed_authorization': 'false', 'rfmo': 'ICCAT'}]",,426.6531777780679,2.361975078220452,,False,not_matching_relevant_public_authorization,2026-04-25 05:35:10.713253
2025-04-20 19:17:30+00:00,2025-04-24 11:39:31+00:00,c9767f61371efe217af2eb5a8c0bca8c,fishing,"[-7.793768333333333, 58.81269833333333, -7.110661666666667, 59.27583666666666]",,,,,59.0521,-7.4859,['555703191'],['5696'],"['IWC', 'NAMMCO', 'ICES', 'NEAFC', 'NASCO', 'ACAP', 'ICCAT']","['27.6', '27.6.a', '27']",['27'],[],[],[],[],77.0,74.0,105.17895299999999,126.019547,bc1b5fe26-6554-5dc9-2467-ddfb8e8288aa,AFRIKA,245811000,NLD,fishing,"[{'has_publicly_listed_authorization': 'true', 'rfmo': 'ICCAT'}]",,585.9856892848389,3.6362416020175763,,False,publicly_authorized,2026-04-25 05:35:10.713253
2025-04-20 19:27:16+00:00,2025-04-24 23:59:47+00:00,cdfd4e32db8c0dcdbcd4f5fbe1f981d0,fishing,"[112.04526, 21.632058, 112.213488, 21.75829]",,,,,21.7057,112.1163,[],['8486'],"['WCPFC', 'ACAP', 'APFIC', 'IWC']",['61'],['61'],[],[],[],[],5.0,0.0,5.286689,2.223899,4381b6a71-1bed-303b-c8c0-c7ef219294a0,YUEJIANGCHENGYU91658,412482821,CHN,fishing,"[{'has_publicly_listed_authorization': 'false', 'rfmo': 'WCPFC'}]",,337.4308085471021,2.736241319444446,,False,not_matching_relevant_public_authorization,2026-04-25 05:35:10.713253
2025-04-20 19:49:21+00:00,2025-04-24 18:57:51+00:00,e614613f0e8fa7aebb1e4ab8a0028cd8,fishing,"[99.617198, 3.165857, 100.363083, 3.6367570000000002]",,,,,3.4116,99.96,[],['8492'],"['SEAFDEC', 'IWC', 'APFIC', 'ACAP', 'IOTC']","['57.1', '57']",['57'],['8492'],[],[],[],0.0,48.0,27.782439,56.361934,00ab78f72-2f97-6ae4-e9ff-7adc756b45d1,,525128128,IDN,fishing,"[{'has_publicly_listed_authorization': 'false', 'rfmo': 'IOTC'}]",,453.13270533759396,2.7155660377358513,,False,not_matching_relevant_public_authorization,2026-04-25 05:35:10.713253
2025-04-20 20:03:33+00:00,2025-04-24 06:40:22+00:00,5de9a2f9d42d0415860be92594e8cc6d,fishing,"[120.67316333333333, 25.68274, 121.43966, 26.607247]",,,,,26.342,121.105,[],['8486'],"['APFIC', 'WCPFC', 'ACAP', 'IWC']",['61'],['61'],[],[],[],[],75.0,84.0,59.815262000000004,77.059016,1924606ec-c35f-cec0-f2db-0f4d6c4f5422,MINLIANYU60098,412442141,CHN,fishing,"[{'has_publicly_listed_authorization': 'false', 'rfmo': 'WCPFC'}]",,413.63434017906155,2.6728110597956785,,False,not_matching_relevant_public_authorization,2026-04-25 05:35:10.713253
2025-04-20 21:20:30+00:00,2025-04-24 07:55:14+00:00,98ee43b459bb43c5376c2f25411cc28b,fishing,"[34.99662166666667, -25.895643333333332, 34.66867166666668, -25.559863333333332]",,,,,-25.7881,34.8177,[],['8347'],"['CCSBT', 'ACAP', 'IOTC', 'SWIOFC', 'IWC']","['51.8', '51']",['51'],[],[],[],[],127.0,79.0,214.063734,186.134516,2d1931d04-4799-7f7a-c570-8f32ea7b03b0,VELA,650172000,MOZ,fishing,"[{'has_publicly_listed_authorization': 'false', 'rfmo': 'IOTC'}, {'has_publicly_listed_authorization': 'false', 'rfmo': 'CCSBT'}]",,383.7816051045212,2.6018597178921317,,False,not_matching_relevant_public_authorization,2026-04-25 05:35:10.713253
2025-04-20 21:48:36+00:00,2025-04-24 10:30:37+00:00,93cf52d1941504a016c0efdf26f1a9f2,fishing,"[111.096068, 20.496022, 111.505968, 21.02218]",,,,,20.7237,111.2654,[],['8486'],"['APFIC', 'WCPFC', 'ACAP', 'IWC']",['61'],['61'],[],[],[],[],53.0,51.0,57.378457000000004,38.130941,546f6ff0c-c00e-b917-857f-87a8cf4bf65f,66368,413683688,CHN,fishing,"[{'has_publicly_listed_authorization': 'false', 'rfmo': 'WCPFC'}]",,444.7998278251029,3.1782026768642457,,False,not_matching_relevant_public_authorization,2026-04-25 05:35:10.713253
2025-04-20 22:21:09+00:00,2025-04-24 23:58:23+00:00,0cb62882a6b3d751ac7f06ab01442ae4,fishing,"[119.654668, 34.992482, 120.774695, 35.648202]",,,,,35.1196,119.9631,[],['8486'],"['PICES', 'ACAP', 'IWC', 'WCPFC']",['61'],['61'],['8486'],[],[],[],29.0,28.0,5.068251,17.214080000000003,3d8014120-01a0-7f11-b252-53c89e33987c,LULANYU60001,412333246,CHN,fishing,"[{'has_publicly_listed_authorization': 'false', 'rfmo': 'WCPFC'}]",,622.3104728910106,3.6708150744960544,,False,not_matching_relevant_public_authorization,2026-04-25 05:35:10.713253
2025-04-20 22:40:31+00:00,2025-04-24 03:15:20+00:00,af0e2a9b3639f50b7d9942ec3aa8e094,fishing,"[-17.370078333333332, 10.21195, -17.106855, 10.782168333333333]",,,,,10.5865,-17.3044,[],['8471'],"['IWC', 'SRFC', 'NAMMCO', 'ICCAT', 'ACAP']","['34.3.13', '34', '34.3.1', '34.3']",['34'],[],[],[],[],153.0,88.0,259.644922,198.06971900000002,ebdafaa65-595c-2373-4337-eaf2cebdadae,ALFONSO RIERA SEGUND,224032270,ESP,fishing,"[{'has_publicly_listed_authorization': 'false', 'rfmo': 'ICCAT'}]",,383.93183995694244,2.665379666314585,,False,not_matching_relevant_public_authorization,2026-04-25 05:35:10.713253
2025-04-20 22:44:00+00:00,2025-04-24 23:59:19+00:00,afbff562e0333051ae29b02ce2f4cb1e,fishing,"[18.573706666666666, -35.434396666666665, 19.186863333333335, -34.891486666666665]",,,,,-35.1754,18.8975,[],['8396'],"['CCSBT-Primary-Area', 'ACAP', 'CCSBT', 'IWC', 'ICCAT']","['47', '47.1', '47.1.6']",['47'],[],[],[],[],112.0,32.0,116.798344,36.064445,cfdf78429-9835-b42d-30a4-11aa2184639c,FV ANDROMEDA,601762000,ZAF,fishing,"[{'has_publicly_listed_authorization': 'false', 'rfmo': 'ICCAT'}, {'has_publicly_listed_authorization': 'false', 'rfmo': 'CCSBT'}]",,620.312986123119,3.432820363646791,,False,not_matching_relevant_public_authorization,2026-04-25 05:35:10.713253
2025-04-20 22:51:59+00:00,2025-04-24 23:54:08+00:00,c543fd6332b0c2abd84373720a264e61,fishing,"[-170.320072, -16.438295, -169.619833, -15.92884]",,,,,-16.1755,-169.9868,[],['8444'],"['WCPFC', 'ACAP', 'SPC', 'IWC']",['77'],['77'],[],[],[],[],234.0,184.0,243.094797,215.329328,83119dd5a-a69a-6d83-fef4-f7f4d9cae580,SURVIVOR,368059350,USA,fishing,"[{'has_publicly_listed_authorization': 'false', 'rfmo': 'WCPFC'}]",,391.95183849926116,2.706363636363636,,False,not_matching_relevant_public_authorization,2026-04-25 05:35:10.713253
2025-04-20 23:20:14+00:00,2025-04-24 05:26:34+00:00,41be508bdd6655d1a167a91ecb88513c,fishing,"[123.693395, 32.740115, 123.987157, 33.144975]",,,,,32.8506,123.8486,[],"['8327', '8486']","['ACAP', 'PICES', 'WCPFC', 'IWC']",['61'],['61'],[],[],[],[],196.0,145.0,182.904047,146.24390599999998,814073d06-6fbd-1b54-a394-c0d05eef2224,ZHEXIANGYU29719,412437129,CHN,fishing,"[{'has_publicly_listed_authorization': 'false', 'rfmo': 'WCPFC'}]",,431.3214305150803,3.0454046628275693,,False,not_matching_relevant_public_authorization,2026-04-25 05:35:10.713253
2025-04-20 23:45:54+00:00,2025-04-24 23:59:03+00:00,376deb731878af18eb032175241cfd7d,fishing,"[122.265608, 29.94548, 122.267975, 29.948335]",,,,,29.9471,122.2667,[],['8486'],"['WCPFC', 'NACA', 'APFIC']",['61'],['61'],[],[],[],[],0.0,0.0,0.0,0.0,9ea6708cc-c045-0f85-6b86-c76abd9ba714,ZHEPUYU68173,412421784,CHN,fishing,"[{'has_publicly_listed_authorization': 'false', 'rfmo': 'WCPFC'}]",,11.515371618273395,0.17195121951219505,,False,not_matching_relevant_public_authorization,2026-04-25 05:35:10.713253
2025-04-20 23:57:21+00:00,2025-04-24 23:57:48+00:00,77d5dc272b3ce45848c4bf8104c9d1e2,fishing,"[-60.24210166666667, 46.21075333333334, -60.24244999999999, 46.211103333333334]",,,,,46.2109,-60.2422,[],['8493'],[],"['21.4.5.n', '21.4', '21.4.V', '21']",['21'],[],[],[],[],1.0,1.0,0.0,0.0,16a2f0515-5c56-993d-0331-a92377b84f27,NORTHERN OSPREY III,316014290,CAN,fishing,"[{'has_publicly_listed_authorization': None, 'rfmo': None}]",,11.713656282987804,0.03196955328323414,,False,publicly_authorized,2026-04-25 05:35:10.713253
2025-04-21 00:08:17+00:00,2025-04-24 12:00:04+00:00,b5ce5cf51f2832df1aa234c0b5b10f17,fishing,"[100.485677, 12.775528, 100.724182, 13.176365]",,,,,13.0494,100.6185,[],['8332'],"['WCPFC', 'APFIC', 'IWC', 'SEAFDEC', 'ACAP']",['71'],['71'],[],[],[],[],22.0,9.0,38.988453,5.526209,9ba11fb0f-f897-479e-307e-00457a063942,THAIRUNGTHIP8,567310368,THA,fishing,"[{'has_publicly_listed_authorization': 'false', 'rfmo': 'WCPFC'}]",,320.0013780593783,1.959688195991091,,False,not_matching_relevant_public_authorization,2026-04-25 05:35:10.713253
2025-04-21 00:43:16+00:00,2025-04-24 23:24:02+00:00,5b884ccc1c0b6edd18d4a949c3edebd3,fishing,"[-6.52175, 60.084305, -5.312493333333333, 60.623333333333335]",,,,,60.2893,-5.7213,[],"['48967', '8435', '5696']","['ICES', 'NAMMCO', 'IWC', 'ICCAT', 'NEAFC', 'NASCO', 'ACAP']","['27.5', '27.5.b.1.b', '27', '27.5.b', '27.5.b.1']",['27'],[],[],[],[],112.0,114.0,136.56195300000002,71.424977,697ec8177-7c48-86a0-b031-fa9bda7f1e63,BORGARIN,231039000,FRO,fishing,"[{'has_publicly_listed_authorization': 'false', 'rfmo': 'ICCAT'}]",,607.030186911303,3.5289617437238205,,False,not_matching_relevant_public_authorization,2026-04-25 05:35:10.713253
2025-04-21 00:43:39+00:00,2025-04-24 23:35:22+00:00,f586885be2c96062fcc6374ce31064f8,fishing,"[15.903286666666666, 71.612825, 16.559063333333334, 72.00033166666667]",,,,,71.7851,16.2225,[],['5686'],"['ICES', 'NAMMCO', 'IWC', 'NASCO', 'ACAP', 'NEAFC']","['27.2.a', '27', '27.2', '27.2.a.2']",['27'],[],[],[],[],191.0,215.0,200.734578,213.303281,a8fd006fd-d364-3264-ac79-0f430fe790fa,NORDBAS,257032830,NOR,fishing,"[{'has_publicly_listed_authorization': None, 'rfmo': None}]",,595.3014548756644,3.5373515950354264,,False,publicly_authorized,2026-04-25 05:35:10.713253
2025-04-21 00:47:15+00:00,2025-04-24 23:59:08+00:00,957d4cbbce73812177aa314eb902a563,fishing,"[8.37223499999999, 4.295748, 8.266514999999998, 4.366012]",,,,,4.3185,8.3348,[],"['8474', '8475']","['FCWC', 'IWC', 'COREP', 'NAMMCO', 'ICCAT', 'ACAP']","['34', '34.3', '34.3.5']",['34'],['8474'],[],[],[],27.0,19.0,5.549805,11.606371,5891fedd4-4511-338f-eae2-e46239054461,OLOKUN XIV,657178000,NGA,fishing,"[{'has_publicly_listed_authorization': 'false', 'rfmo': 'ICCAT'}]",,426.55501854278293,2.5936800000000013,,False,not_matching_relevant_public_authorization,2026-04-25 05:35:10.713253
2025-04-21 01:05:25+00:00,2025-04-24 04:51:19+00:00,b4dc0db57daa65fc6c08f9b810448f28,fishing,"[111.533758, 20.091232, 112.63231, 20.28527]",,,,,20.2078,112.1732,[],['8486'],"['IWC', 'APFIC', 'ACAP', 'WCPFC']",['61'],['61'],['8486'],[],[],[],30.0,143.0,89.96660899999999,145.004062,891612128-87c5-0ab1-9e8d-871819f3cf4a,GUIHEYU83138,600993138,,fishing,"[{'has_publicly_listed_authorization': 'false', 'rfmo': 'WCPFC'}]",,402.46100100700136,3.212997347480107,,False,not_matching_relevant_public_authorization,2026-04-25 05:35:10.713253
2025-04-21 01:10:46+00:00,2025-04-24 03:30:45+00:00,0fdcb1ee18d1409ae7abcc0f4e95563b,fishing,"[40.365, 68.50493666666667, 41.12092333333333, 68.58343666666667]",,,,,68.5629,40.7806,[],['5690'],"['ICES', 'NEAFC', 'NASCO', 'ACAP', 'NAMMCO', 'IWC']","['27.1', '27', '27.1.b']",['27'],[],[],[],[],46.0,73.0,259.663109,284.752125,b6e06abcb-b874-2162-bc85-f9920b0c51b3,PROEKT-1,273374920,RUS,fishing,"[{'has_publicly_listed_authorization': None, 'rfmo': None}]",,435.9176562436762,3.3935742919823246,,False,publicly_authorized,2026-04-25 05:35:10.713253
2025-04-21 01:13:48+00:00,2025-04-24 18:31:33+00:00,7d08b14b38d396f308bca9a8b6f71d2b,fishing,"[111.280117, 20.321733333333334, 111.360933, 20.87675]",,,,,20.5739,111.321,[],['8486'],"['APFIC', 'ACAP', 'WCPFC', 'IWC']",['61'],['61'],[],[],[],[],36.0,59.0,66.717609,50.320785,71a0a91eb-b3ba-c0a2-28e7-75660af35931,QIONGDANYU33888,412520408,CHN,fishing,"[{'has_publicly_listed_authorization': 'false', 'rfmo': 'WCPFC'}]",,445.9032032279528,2.8353479872065344,,False,not_matching_relevant_public_authorization,2026-04-25 05:35:10.713253
2025-04-21 01:26:45+00:00,2025-04-26 22:55:47+00:00,7a6c473515cd0bb5c83bdd45704f3a06,fishing,"[-0.3949316666666789, 57.58233833333333, -0.903333333333336, 57.846666666666664]",,,,,57.6729,-0.6314,[],['5696'],"['ICCAT', 'NASCO', 'NAMMCO', 'ICES', 'NEAFC', 'ACAP', 'IWC']","['27.4.a', '27.4', '27']",['27'],[],[],[],[],83.0,61.0,43.397305,6.497345999999999,d6c87e778-8197-50f8-e6c1-c27fc46b0214,DAY DAWN FR90,232041003,GBR,fishing,"[{'has_publicly_listed_authorization': 'false', 'rfmo': 'ICCAT'}]",,548.4800562985037,2.4183783842099698,,False,not_matching_relevant_public_authorization,2026-04-25 05:35:10.713253
2025-04-21 01:41:20+00:00,2025-04-24 19:31:30+00:00,1900c014963cc346fc58fa862baa4180,fishing,"[111.99945666666666, 20.296258333333334, 112.63314833333334, 20.613875]",,,,,20.4505,112.2931,[],['8486'],"['APFIC', 'IWC', 'ACAP', 'WCPFC']",['61'],['61'],[],[],[],[],84.0,108.0,130.052766,109.566875,5457bb7ae-e710-432e-cb02-460f7a791cef,GUIHEYU80818,412502991,CHN,fishing,"[{'has_publicly_listed_authorization': 'false', 'rfmo': 'WCPFC'}]",,512.6041233159783,3.040018919767246,,False,not_matching_relevant_public_authorization,2026-04-25 05:35:10.713253
2025-04-21 01:46:06+00:00,2025-04-24 06:07:43+00:00,eaf000fd9db20ef3023a9e974ad4be01,fishing,"[118.05958, 24.569593, 118.062062, 24.57404]",,,,,24.5711,118.0604,[],['8486'],"['IWC', 'WCPFC', 'APFIC', 'ACAP']",['61'],['61'],[],[],[],[],1.0,1.0,0.0,0.0,c476e10ff-fab8-4978-0259-fdd7f714bd49,MINXIAYU61087,412700324,CHN,fishing,"[{'has_publicly_listed_authorization': 'false', 'rfmo': 'WCPFC'}]",,12.496352995659656,0.26614950634696743,,False,not_matching_relevant_public_authorization,2026-04-25 05:35:10.713253
2025-04-21 02:00:54+00:00,2025-04-24 00:29:00+00:00,cb1edfd12da00ed5e7bab9d009652ff1,fishing,"[111.311413, 20.244152, 111.381792, 20.835031999999998]",,,,,20.6021,111.3385,[],['8486'],"['APFIC', 'IWC', 'ACAP', 'WCPFC']",['61'],['61'],[],[],[],[],28.0,64.0,67.711117,53.55882,6a7debdb8-8f25-4946-9b04-a417611a0be8,YUE LEI YU 13237,412488643,CHN,fishing,"[{'has_publicly_listed_authorization': 'false', 'rfmo': 'WCPFC'}]",,357.261076900846,2.9989312977099196,,False,not_matching_relevant_public_authorization,2026-04-25 05:35:10.713253
2025-04-21 02:01:12+00:00,2025-04-24 04:13:17+00:00,67cf5b15f22fd39824393e8c99e7b847,fishing,"[111.605453, 20.08286, 112.352642, 20.291515]",,,,,20.1891,112.1243,[],['8486'],"['IWC', 'ACAP', 'WCPFC', 'APFIC']",['61'],['61'],['8486'],[],[],[],37.0,118.0,98.37725,140.474156,ef0886f31-13cb-7c92-21ba-80511af6275d,1,600939990,,fishing,"[{'has_publicly_listed_authorization': 'false', 'rfmo': 'WCPFC'}]",,382.4581002602998,2.9837769328263644,,False,not_matching_relevant_public_authorization,2026-04-25 05:35:10.713253
2025-04-21 02:06:03+00:00,2025-04-24 13:19:06+00:00,1d0642926ed52da6b6b3c02dbb101f67,fishing,"[121.931185, 34.34227, 122.203947, 34.774763]",,,,,34.5097,122.1322,[],['8486'],"['PICES', 'ACAP', 'IWC', 'WCPFC']",['61'],['61'],[],[],[],[],147.0,174.0,128.996508,154.309609,9b10f1311-179d-59ea-effa-afec7ecd49bb,LUDONGGANGYU61397,412326747,CHN,fishing,"[{'has_publicly_listed_authorization': 'false', 'rfmo': 'WCPFC'}]",,323.100150026622,2.8044554455445527,,False,not_matching_relevant_public_authorization,2026-04-25 05:35:10.713253
2025-04-21 02:15:10+00:00,2025-04-24 23:52:09+00:00,33d0ea5ac07e5750fdd30847a12efa70,fishing,"[-0.9387966666666666, 57.58833333333333, -0.4816666666666667, 57.835]",,,,,57.685,-0.7328,[],['5696'],"['ICCAT', 'ICES', 'IWC', 'NASCO', 'NEAFC', 'ACAP', 'NAMMCO']","['27.4', '27', '27.4.a']",['27'],[],[],[],[],50.0,84.0,24.578066,29.223176,913ff92df-fec0-50a1-034f-af02e81b8a24,GRACIOUS PD103,232059311,GBR,fishing,"[{'has_publicly_listed_authorization': 'false', 'rfmo': 'ICCAT'}]",,462.55212331947644,2.8277108521765486,,False,not_matching_relevant_public_authorization,2026-04-25 05:35:10.713253
2025-04-21 02:42:17+00:00,2025-04-24 02:39:43+00:00,9e6b7d8afde4e01e08851059524ce629,fishing,"[-2.161190000000005, 60.282916666666665, -3.732533333333322, 60.90884]",,,,,60.6876,-2.7423,[],['5696'],"['NASCO', 'ICES', 'NEAFC', 'ICCAT', 'IWC', 'NAMMCO', 'ACAP']","['27', '27.4.a', '27.4']",['27'],[],[],[],[],14.0,122.0,33.230785000000004,32.224357,f42d4a5f1-1d15-1033-6c2d-35df4812f9aa,F/V JP LE ROCH,228066700,FRA,fishing,"[{'has_publicly_listed_authorization': 'false', 'rfmo': 'ICCAT'}]",,489.30662028642496,3.7801104919027915,,False,not_matching_relevant_public_authorization,2026-04-25 05:35:10.713253
2025-04-21 02:49:33+00:00,2025-04-24 03:28:07+00:00,9f34100aa6e4dd192d5ea6d3995a30c2,fishing,"[113.40015, 21.653372, 114.222693, 21.781068]",,,,,21.6956,113.769,[],['8486'],"['APFIC', 'IWC', 'WCPFC', 'ACAP']",['61'],['61'],['8486'],[],[],[],30.0,22.0,15.176994,28.749781,f47237c12-2d7e-b263-73a2-5c5bc4e281d4,ZHU WAN 3916,412000698,CHN,fishing,"[{'has_publicly_listed_authorization': 'false', 'rfmo': 'WCPFC'}]",,454.44307423033433,3.3460192475940502,,False,not_matching_relevant_public_authorization,2026-04-25 05:35:10.713253
2025-04-21 02:53:49+00:00,2025-04-24 23:59:28+00:00,c5d3228790f3e8e4a392cc9b6a930e72,fishing,"[0.32017, 60.340635, 0.63688, 60.73614666666667]",,,,,60.5534,0.4501,[],['5696'],"['IWC', 'NEAFC', 'ICCAT', 'NASCO', 'ACAP', 'ICES', 'NAMMCO']","['27.4.a', '27.4', '27']",['27'],[],[],[],[],59.0,77.0,59.472945,28.449426,f3b2cd0b9-9c82-e8bf-79f1-9a0af3f872b7,OPPORTUNE,235062791,GBR,fishing,"[{'has_publicly_listed_authorization': 'false', 'rfmo': 'ICCAT'}]",,457.4365946914395,2.9540166216915336,,False,not_matching_relevant_public_authorization,2026-04-25 05:35:10.713253
2025-04-21 03:03:34+00:00,2025-04-24 23:58:21+00:00,dc9798589e2949e6799ac0691d7d01d8,fishing,"[111.80405, 21.684707, 111.819105, 21.712982]",,,,,21.6997,111.8082,[],['8486'],"['WCPFC', 'IWC', 'ACAP', 'APFIC']",['61'],['61'],[],[],[],[],1.0,0.0,2.066583,1.033077,0755f1896-60d9-d9f7-8a49-38b94f381102,YUEYANGXIYU39183,412470718,CHN,fishing,"[{'has_publicly_listed_authorization': 'false', 'rfmo': 'WCPFC'}]",,82.11751619821788,0.9920372285418819,,False,not_matching_relevant_public_authorization,2026-04-25 05:35:10.713253
2025-04-21 03:04:42+00:00,2025-04-24 23:57:41+00:00,36a0b3e45df5a8ca9b5b2d33bc2f8bdb,fishing,"[-58.21443333333333, -63.248595, -59.43212166666666, -63.00949333333333]",,,,,-63.1244,-58.7527,[],[],"['CCAMLR', 'ACAP', 'IWC']","['48.1', '48']",['48'],[],['63203'],[],[],11.0,46.0,114.19081200000001,57.150492,19b14885d-d48f-7c73-fe64-82f44daf7b87,FU YUAN YU 9199,412549611,CHN,fishing,"[{'has_publicly_listed_authorization': None, 'rfmo': None}]",,289.1055769405953,1.6356414175936398,,False,publicly_authorized,2026-04-25 05:35:10.713253
2025-04-21 03:18:29+00:00,2025-04-24 01:24:13+00:00,5e7d2870ede7fab0146c4bf52b1dbd41,fishing,"[11.472095, -19.79099666666667, 11.729023333333334, -19.220666666666666]",,,,,-19.4668,11.5873,[],['8395'],"['IWC', 'ICCAT', 'ACAP']","['47', '47.1', '47.1.3']",['47'],[],[],[],[],136.0,81.0,445.301094,380.434406,8504f8a51-15cc-276e-abc8-21d4a1885e75,LYNETTE,659208000,NAM,fishing,"[{'has_publicly_listed_authorization': 'false', 'rfmo': 'ICCAT'}]",,394.53592174203413,2.9978148272628444,,False,not_matching_relevant_public_authorization,2026-04-25 05:35:10.713253
2025-04-21 03:18:52+00:00,2025-04-24 23:57:24+00:00,c63ea982ebf68645aebfa38b98f0aa28,fishing,"[119.652892, 34.864142, 120.650513, 35.657885]",,,,,35.0482,120.0608,[],['8486'],"['WCPFC', 'ACAP', 'PICES', 'IWC']",['61'],['61'],['8486'],[],[],[],18.0,32.0,1.111949,25.232855,702aac153-32e6-e2a7-47d5-64e2ed00b1d9,LUDONGGANGYU61176,412330258,CHN,fishing,"[{'has_publicly_listed_authorization': 'false', 'rfmo': 'WCPFC'}]",,599.4930742234225,3.751782363977483,,False,not_matching_relevant_public_authorization,2026-04-25 05:35:10.713253
2025-04-21 03:29:25+00:00,2025-04-24 23:59:10+00:00,1e91b4e3a6de8e0f4a22348c8f823c12,fishing,"[119.652902, 34.863657, 120.651067, 35.655402]",,,,,35.0466,120.0639,[],['8486'],"['IWC', 'ACAP', 'PICES', 'WCPFC']",['61'],['61'],['8486'],[],[],[],18.0,32.0,1.111949,25.232855,80bce95a8-8a9d-f4ba-2795-fdd482a4188b,LUDONGGANGYU61175,412323101,CHN,fishing,"[{'has_publicly_listed_authorization': 'false', 'rfmo': 'WCPFC'}]",,606.5338680227877,3.7312500000000033,,False,not_matching_relevant_public_authorization,2026-04-25 05:35:10.713253
2025-04-21 03:29:32+00:00,2025-04-24 23:58:09+00:00,f6eb87c8e2658dbb8bb169be83aa39f4,fishing,"[60.36056, 24.40225166666667, 60.70482833333333, 25.016606666666668]",,,,,24.5264,60.4886,[],['8469'],"['IOTC', 'RECOFI', 'IWC', 'ACAP']","['51.3', '51']",['51'],[],[],[],[],99.0,29.0,102.963492,32.720887,04aef4c06-6aa8-564e-453b-861ea10a8183,AL MAJID,463700349,PAK,fishing,"[{'has_publicly_listed_authorization': 'false', 'rfmo': 'IOTC'}]",,228.6697528255796,1.952283320533597,,False,not_matching_relevant_public_authorization,2026-04-25 05:35:10.713253
2025-04-21 03:31:30+00:00,2025-04-24 04:52:34+00:00,44dbd9338bc0441349a5dc39600f9f2c,fishing,"[111.35462, 20.09503, 112.36316, 20.403657]",,,,,20.2178,112.1642,[],['8486'],"['APFIC', 'ACAP', 'IWC', 'WCPFC']",['61'],['61'],['8486'],[],[],[],15.0,123.0,71.137367,129.386797,49c26040a-a897-ace4-e0c2-fe4a33a74b14,128@@@@@@@@@@@@@@@,412571298,CHN,fishing,"[{'has_publicly_listed_authorization': 'false', 'rfmo': 'WCPFC'}]",,397.9844481786561,3.1196990424076603,,False,not_matching_relevant_public_authorization,2026-04-25 05:35:10.713253
2025-04-21 03:32:22+00:00,2025-04-24 14:20:34+00:00,feb164864fab6c624c4e593d73030db5,fishing,"[13.323638333333333, -12.184251666666666, 13.400321666666667, -11.706906666666667]",,,,,-12.046,13.3755,[],['8478'],"['ACAP', 'IWC', 'ICCAT']","['47.1.2', '47.1', '47']",['47'],[],[],[],[],29.0,42.0,30.36384,64.554664,49aab91fa-afa8-78b4-f4c1-00b09f0068a1,ALISTADO 2,603100157,AGO,fishing,"[{'has_publicly_listed_authorization': 'false', 'rfmo': 'ICCAT'}]",,452.9169179275116,2.9786729825031304,,False,not_matching_relevant_public_authorization,2026-04-25 05:35:10.713253
2025-04-21 03:33:36+00:00,2025-04-24 13:34:52+00:00,3745d79a0b7cb2774502a857087b6c1b,fishing,"[1.38375, 61.60751333333333, 1.5588250000000001, 61.72278333333333]",,,,,61.6567,1.4582,[],['5696'],"['NAMMCO', 'IWC', 'ICES', 'NASCO', 'ACAP', 'NEAFC', 'ICCAT']","['27.4', '27.4.a', '27']",['27'],[],[],[],[],144.0,159.0,4.372656,17.659789,dc202661e-eb90-79ee-118b-f375fbd57a7c,.  FV ARCTURUS,235002070,GBR,fishing,"[{'has_publicly_listed_authorization': 'false', 'rfmo': 'ICCAT'}]",,146.0130859925862,1.4052410887191136,,False,not_matching_relevant_public_authorization,2026-04-25 05:35:10.713253
2025-04-21 03:55:14+00:00,2025-04-24 23:59:13+00:00,fca966d10c6d9b2d78db1acc0f9446e0,fishing,"[7.866186666666664, 57.47921, 5.604338333333345, 57.881546666666665]",,,,,57.7263,6.1279,[],['5686'],"['ACAP', 'NASCO', 'ICCAT', 'ICES', 'IWC', 'NEAFC', 'NAMMCO']","['27', '27.4.a', '27.4', '27.4.b']",['27'],[],[],[],[],56.0,61.0,58.93273000000001,62.116793,83701165d-de45-b197-5e4f-55464c428967,HM228 PONDUS,219022165,DNK,fishing,"[{'has_publicly_listed_authorization': 'false', 'rfmo': 'ICCAT'}]",,465.28562948331,2.740314514198917,,False,not_matching_relevant_public_authorization,2026-04-25 05:35:10.713253
2025-04-21 04:12:36+00:00,2025-04-24 23:56:41+00:00,915e69fb2752b96a946fdad25b4df798,fishing,"[120.913523, 35.506752, 121.446485, 35.872313]",,,,,35.702,121.2068,[],['8486'],"['WCPFC', 'ACAP', 'PICES', 'IWC']",['61'],['61'],['8486'],[],[],[],43.0,52.0,22.531050999999998,41.44902,0c6f42108-86d0-2b30-1f59-462e522068eb,LURONGYU57169,412330588,CHN,fishing,"[{'has_publicly_listed_authorization': 'false', 'rfmo': 'WCPFC'}]",,331.79712317743673,2.607175398633254,,False,not_matching_relevant_public_authorization,2026-04-25 05:35:10.713253
2025-04-21 04:18:33+00:00,2025-04-24 23:15:00+00:00,3b09306bdb5e3b9d52479617972031a7,fishing,"[-5.630616666666668, 47.39112333333333, -6.076586666666657, 47.72964]",,,,,47.5237,-5.8115,"['555635560', '555643633']",['5677'],"['ACAP', 'ICCAT', 'NASCO', 'IWC', 'ICES', 'NEAFC', 'NAMMCO']","['27', '27.8.d', '27.8', '27.8.a', '27.8.d.2']",['27'],[],[],[],[],92.0,97.0,92.424422,97.285078,2784f49b2-2e7c-0b68-dba9-ace08ce48130,F/V MAGELLAN II,228231800,FRA,fishing,"[{'has_publicly_listed_authorization': 'false', 'rfmo': 'ICCAT'}]",,476.83662521604344,3.10661416738991,,False,not_matching_relevant_public_authorization,2026-04-25 05:35:10.713253
2025-04-21 04:24:50+00:00,2025-04-24 23:46:39+00:00,0bcc3242d03692ecfd7165aaf17a63fe,fishing,"[119.666793, 34.96979, 120.378813, 35.272377]",,,,,35.1186,119.889,[],['8486'],"['ACAP', 'WCPFC', 'PICES', 'IWC']",['61'],['61'],['8486'],[],[],[],28.0,56.0,7.774707,35.948309,33ef22dc0-0ed6-2a4f-85ef-2c98bc83912e,LULANYU61618,412323033,CHN,fishing,"[{'has_publicly_listed_authorization': 'false', 'rfmo': 'WCPFC'}]",,559.187064974668,3.5231756756756747,,False,not_matching_relevant_public_authorization,2026-04-25 05:35:10.713253
2025-04-21 04:27:11+00:00,2025-04-24 01:56:53+00:00,80db554da63310f64d70da523bc5e261,fishing,"[119.487442, 35.324672, 119.488958, 35.325778]",,,,,35.3252,119.488,[],['8486'],"['WCPFC', 'NACA', 'APFIC']",['61'],['61'],[],[],[],[],2.0,2.0,0.0,0.0,6f1d87f24-4cdd-509b-e40a-f5888e6238c8,LUDONGGANGYU61958,412322356,CHN,fishing,"[{'has_publicly_listed_authorization': 'false', 'rfmo': 'WCPFC'}]",,4.824247146015733,0.13129251700680283,,False,not_matching_relevant_public_authorization,2026-04-25 05:35:10.713253
2025-04-21 04:37:51+00:00,2025-04-24 04:51:02+00:00,6d9dd5e4011db25aba9ede9cf15fe63f,fishing,"[114.270247, 21.844448, 114.853773, 22.094068]",,,,,21.9479,114.4336,[],['8486'],"['WCPFC', 'IWC', 'APFIC', 'ACAP']",['61'],['61'],['8486'],[],[],[],19.0,45.0,24.484615,37.053348,55e46b430-068c-7b5e-ba7a-336719aa21a9,"B!TGFIAQ@AYWX""P0WATT",412482002,CHN,fishing,"[{'has_publicly_listed_authorization': 'false', 'rfmo': 'WCPFC'}]",,245.88630512323692,2.2760680034873584,,False,not_matching_relevant_public_authorization,2026-04-25 05:35:10.713253
2025-04-21 04:48:49+00:00,2025-04-24 03:41:27+00:00,efdbd2866fa591341d03f9f704e4dec3,fishing,"[114.270853, 21.8456, 114.797998, 22.048563]",,,,,21.9618,114.4525,[],['8486'],"['IWC', 'WCPFC', 'ACAP', 'APFIC']",['61'],['61'],['8486'],[],[],[],18.0,46.0,23.373697,34.295203,e9ac6b7b2-29a3-72a3-19bf-866a1dded90a,SHEN NAN 2899,412534838,CHN,fishing,"[{'has_publicly_listed_authorization': 'false', 'rfmo': 'WCPFC'}]",,232.74367751579882,2.5201445347786784,,False,not_matching_relevant_public_authorization,2026-04-25 05:35:10.713253
2025-04-21 04:50:43+00:00,2025-04-24 14:33:13+00:00,e74682851172b81d274fffba240f90a8,fishing,"[-54.00512166666667, -35.19625666666666, -55.05440999999999, -34.83448666666666]",,,,,-35.0863,-54.7114,[],"['48961', '8467']","['ICCAT', 'CTMFM', 'IWC', 'ACAP', 'CCSBT']","['41.2', '41', '41.2.3']",['41'],['8467'],[],[],[],61.0,0.0,62.295027000000005,14.24273,76912b05e-e646-fa54-016a-29ba430d756a,SOPESCA,770576112,URY,fishing,"[{'has_publicly_listed_authorization': 'false', 'rfmo': 'CCSBT'}, {'has_publicly_listed_authorization': 'false', 'rfmo': 'ICCAT'}]",,504.91634970233895,3.425862068938708,,False,not_matching_relevant_public_authorization,2026-04-25 05:35:10.713253
2025-04-21 05:00:55+00:00,2025-04-24 20:15:57+00:00,a59fd71b8bc02c38d7f63f1d620c9b14,fishing,"[-0.8507933333333333, 57.570431666666664, 0.06833333333333333, 58.15833333333333]",,,,,57.697,-0.5899,[],['5696'],"['NASCO', 'NEAFC', 'ICCAT', 'IWC', 'ICES', 'ACAP', 'NAMMCO']","['27.4', '27.4.a', '27']",['27'],[],[],[],[],56.0,128.0,27.782738000000002,16.337032,67bcc191d-dfff-421b-409e-f5e51143bcea,FOREVER FAITHFUL PD,232053998,GBR,fishing,"[{'has_publicly_listed_authorization': 'false', 'rfmo': 'ICCAT'}]",,370.07397824035064,2.044194757994194,,False,not_matching_relevant_public_authorization,2026-04-25 05:35:10.713253
2025-04-21 05:05:41+00:00,2025-04-24 18:07:28+00:00,dc71b4d303ddd2f5f7fce6834d5f8bdd,fishing,"[5.918623333333329, 54.26629333333333, 4.968588333333344, 54.64215]",,,,,54.5353,5.4864,[],"['5669', '5668']","['NASCO', 'NEAFC', 'ICES', 'ICCAT', 'IWC', 'NAMMCO', 'ACAP']","['27', '27.4', '27.4.b']",['27'],[],[],[],[],86.0,136.0,12.29058,75.19305499999999,d1a40836b-bd5b-912d-3f15-59c0347e9f21,ZK147 DE KIM,245445000,NLD,fishing,"[{'has_publicly_listed_authorization': 'false', 'rfmo': 'ICCAT'}]",,490.33873632410643,3.1338567595082845,,False,not_matching_relevant_public_authorization,2026-04-25 05:35:10.713253
2025-04-21 05:20:17+00:00,2025-04-24 04:41:10+00:00,21f60304697edcaf52342c224266bba8,fishing,"[107.929307, 17.934845, 108.68827, 18.301341999999998]",,,,,18.1551,108.2479,[],['8486'],"['ACAP', 'SEAFDEC', 'APFIC', 'WCPFC', 'IWC']",['61'],['61'],[],[],[],[],102.0,22.0,102.757766,25.661729,99cbf9a46-69d0-8599-5489-03181051c9c2,DAHUA77,412520316,CHN,fishing,"[{'has_publicly_listed_authorization': 'false', 'rfmo': 'WCPFC'}]",,414.8541831582212,3.378888888888888,,False,not_matching_relevant_public_authorization,2026-04-25 05:35:10.713253
2025-04-21 05:28:31+00:00,2025-04-28 22:21:01+00:00,9a33c0720f7bda3e33c98f28eed9ad8e,fishing,"[-92.01294333333334, 28.558333333333334, -90.58210666666666, 28.882695]",,,,,28.7058,-91.2549,[],['8456'],"['NAMMCO', 'ICCAT', 'IWC', 'ACAP']",['31'],['31'],['8456'],[],[],[],103.0,22.0,17.721353999999998,8.832785,bb78a1910-0ded-85e7-5711-8faa3d08da8e,J & J ELITE,368156970,USA,fishing,"[{'has_publicly_listed_authorization': 'false', 'rfmo': 'ICCAT'}]",,770.931246261118,2.7623809532750236,,False,not_matching_relevant_public_authorization,2026-04-25 05:35:10.713253
2025-04-21 05:50:03+00:00,2025-04-24 23:53:01+00:00,9a25c31a278934377fbc0cb7a476e949,fishing,"[30.16845833333332, 75.26955, 29.39254333333332, 75.68101833333333]",,,,,75.4501,29.7784,[],['33181'],"['IWC', 'ICES', 'NAMMCO', 'NEAFC', 'NASCO', 'ACAP']","['27.2.b', '27.2', '27', '27.1.b', '27.2.b.2', '27.1']",['27'],[],[],[],[],194.0,147.0,328.135562,318.682156,af3151d51-1f70-2e24-9014-8c64235406cb,OLYMPIC PRAWN,257640000,NOR,fishing,"[{'has_publicly_listed_authorization': None, 'rfmo': None}]",,388.48979661974795,2.3315728941138922,,False,publicly_authorized,2026-04-25 05:35:10.713253
2025-04-21 05:50:17+00:00,2025-04-24 20:07:09+00:00,e02619beb5b7c785bfd64882e0b69690,fishing,"[5.47043, 54.234075, 5.829808333333333, 54.63310166666667]",,,,,54.4075,5.6956,[],"['5669', '5668']","['NAMMCO', 'NASCO', 'NEAFC', 'IWC', 'ICCAT', 'ACAP', 'ICES']","['27', '27.4', '27.4.b']",['27'],[],[],[],[],85.0,126.0,39.110316,32.682941,421263d2d-d36e-df23-7180-705771527aac,BONAFIDE SC-19,211699000,DEU,fishing,"[{'has_publicly_listed_authorization': 'false', 'rfmo': 'ICCAT'}]",,502.4126768018956,3.1898322323205557,,False,not_matching_relevant_public_authorization,2026-04-25 05:35:10.713253
2025-04-21 06:41:36+00:00,2025-04-24 23:59:14+00:00,0375c15d60b135ef4a52ab189a3b34c7,fishing,"[150.88157666666666, 57.692660000000004, 151.41698333333332, 57.96253333333333]",,,,,57.7281,151.1622,[],['5690'],"['PICES', 'IWC', 'ACAP']",['61'],['61'],[],[],[],[],131.0,98.0,205.79203099999998,179.522797,5ae828505-562f-a270-e0db-e40b40ad7b88,OLGA,273437930,RUS,fishing,"[{'has_publicly_listed_authorization': None, 'rfmo': None}]",,444.52808471605056,2.843190913942849,,False,publicly_authorized,2026-04-25 05:35:10.713253
2025-04-21 06:44:23+00:00,2025-04-24 20:58:32+00:00,2bba6a4720291bb3e9cb309290dd46d2,fishing,"[-16.43004666666667, 18.453846666666667, -16.759381666666656, 19.100115]",,,,,18.8112,-16.5712,[],['8369'],"['NAMMCO', 'IWC', 'ICCAT', 'ACAP', 'SRFC']","['34.1.3', '34.1.32', '34.3.1', '34.3.11', '34.1', '34', '34.3']",['34'],[],[],[],[],37.0,35.0,61.896055,141.686062,a1c9f82b4-40cf-e9fb-fc5f-2e0ec920d8e4,RIMBAL 5,654076800,MRT,fishing,"[{'has_publicly_listed_authorization': 'false', 'rfmo': 'ICCAT'}]",,550.6716786958792,3.4807412296356097,,False,not_matching_relevant_public_authorization,2026-04-25 05:35:10.713253
2025-04-21 06:53:16+00:00,2025-04-24 23:59:46+00:00,edc394651d9a157ab5069b2aab690857,fishing,"[117.481393, 22.966095, 117.901935, 23.173327]",,,,,23.0863,117.6136,[],['8486'],"['IWC', 'APFIC', 'ACAP', 'WCPFC']",['61'],['61'],[],[],[],[],60.0,67.0,37.252410000000005,23.473418000000002,94f606dd4-4e92-6aac-bc0c-8fa4ab4f069d,YUENANAO33413,600944506,,fishing,"[{'has_publicly_listed_authorization': 'false', 'rfmo': 'WCPFC'}]",,640.9337388242446,3.9695413758723856,,False,not_matching_relevant_public_authorization,2026-04-25 05:35:10.713253
2025-04-21 06:53:58+00:00,2025-04-24 16:07:26+00:00,d7c02a68b1add24c35f4f8c77eece7b3,fishing,"[5.644551666666667, 54.308895, 6.218431666666667, 54.872173333333336]",,,,,54.4404,5.8573,[],"['5669', '5668']","['ACAP', 'ICCAT', 'ICES', 'NASCO', 'NEAFC', 'NAMMCO', 'IWC']","['27', '27.4', '27.4.b']",['27'],[],[],[],[],93.0,130.0,25.888354,58.013973,35062fdd7-7fec-72c2-4428-ec0c3e8770dd,HD66 PIETER,244020098,NLD,fishing,"[{'has_publicly_listed_authorization': 'false', 'rfmo': 'ICCAT'}]",,448.85708940702017,2.9177094373671624,,False,not_matching_relevant_public_authorization,2026-04-25 05:35:10.713253
2025-04-21 07:04:39+00:00,2025-04-24 23:59:00+00:00,a96a054a637e2c869839ab81e3d4a951,fishing,"[18.327386666666666, -35.421596666666666, 18.860733333333332, -34.662956666666666]",,,,,-34.9893,18.5394,[],['8396'],"['IWC', 'ACAP', 'ICCAT', 'CCSBT-Primary-Area', 'CCSBT']","['47.1.6', '47.1', '47']",['47'],[],[],[],[],120.0,31.0,130.305953,44.604828000000005,149da5be5-544c-c476-8b55-8ca4c86cef41,MFV FOXGLOVE,601482000,ZAF,fishing,"[{'has_publicly_listed_authorization': 'false', 'rfmo': 'ICCAT'}, {'has_publicly_listed_authorization': 'false', 'rfmo': 'CCSBT'}]",,482.5485773430646,3.0144244088110534,,False,not_matching_relevant_public_authorization,2026-04-25 05:35:10.713253
2025-04-21 07:20:02+00:00,2025-04-24 23:37:06+00:00,f91fde370c36c2e937d82cb4a7547ba3,fishing,"[-89.747418, 28.752698, -89.58562, 28.82804]",,,,,28.8017,-89.6681,[],['8456'],"['IWC', 'ACAP', 'ICCAT', 'NAMMCO']",['31'],['31'],['8456'],[],[],[],38.0,20.0,6.59936,17.109457,a2ae476f9-9fc4-a1b7-e732-b1b0da2c75e2,HERMOSA CRUZ,367126910,USA,fishing,"[{'has_publicly_listed_authorization': 'true', 'rfmo': 'ICCAT'}]",,293.38911113755603,2.162763466042153,,False,publicly_authorized,2026-04-25 05:35:10.713253
2025-04-21 07:39:33+00:00,2025-04-24 23:18:47+00:00,a12ba099b28dace80fba9ea7ec6af610,fishing,"[14.582001666666656, 68.23824, 14.578840000000014, 68.23987833333334]",,,,,68.2392,14.5804,[],['5686'],['EIFAAC'],"['27', '27.2', '27.2.a', '27.2.a.2']",['27'],[],[],[],[],0.0,0.0,0.0,0.0,7b87fed53-31a7-a541-f209-10f0c9707238,OLAGUTT,257576600,NOR,fishing,"[{'has_publicly_listed_authorization': None, 'rfmo': None}]",,21.064931353808273,0.012664473872925896,,False,publicly_authorized,2026-04-25 05:35:10.713253
2025-04-21 08:11:31+00:00,2025-04-24 05:23:38+00:00,d0052cc21c5c2a01bf90f8b7310441d3,fishing,"[113.081297, 22.202778, 113.084237, 22.204972]",,,,,22.2037,113.0828,[],['8486'],"['IWC', 'NACA', 'APFIC', 'ACAP', 'WCPFC']",['61'],['61'],[],[],[],[],1.0,1.0,0.0,0.0,c0e5eaf4c-c6dd-8ee7-217a-1cdc7aff900d,YUEXINHUI00296,412492645,CHN,fishing,"[{'has_publicly_listed_authorization': 'false', 'rfmo': 'WCPFC'}]",,9.112098468199425,0.28492063492063546,,False,not_matching_relevant_public_authorization,2026-04-25 05:35:10.713253
2025-04-21 08:26:07+00:00,2025-04-24 23:54:08+00:00,40a6f6311fe875557e5eca3567919192,fishing,"[-53.12878666666667, 53.847568333333335, -52.614216666666664, 54.398845]",,,,,54.1071,-52.8195,[],['8493'],"['NAMMCO', 'IWC', 'NAFO', 'ICCAT', 'ACAP', 'NASCO']","['21', '21.2', '21.2.J']",['21'],[],[],[],[],177.0,228.0,232.097734,294.103094,01ae3291b-b1fa-2e4b-f162-a84d87d5276e,CALVERT,316041841,CAN,fishing,"[{'has_publicly_listed_authorization': 'false', 'rfmo': 'ICCAT'}]",,493.91656846518885,3.1450444703218725,,False,not_matching_relevant_public_authorization,2026-04-25 05:35:10.713253
2025-04-21 08:28:22+00:00,2025-04-24 05:08:26+00:00,0cc589b368f92bb6d23634ce6ca77547,fishing,"[-17.320546666666665, 11.549511666666668, -16.988473333333335, 12.164855]",,,,,11.8791,-17.2508,[],"['8371', '48964', '8471']","['ACAP', 'IWC', 'NAMMCO', 'ICCAT', 'SRFC']","['34', '34.3.1', '34.3', '34.3.13']",['34'],[],[],[],[],95.0,35.0,162.50667199999998,91.659141,f838ed30c-cd84-c08a-815c-57b587afac9d,PEIX MAR VEINTIOCHO,224275000,ESP,fishing,"[{'has_publicly_listed_authorization': 'false', 'rfmo': 'ICCAT'}]",,392.1270053357951,3.147030712969269,,False,not_matching_relevant_public_authorization,2026-04-25 05:35:10.713253
2025-04-21 08:30:43+00:00,2025-04-24 23:45:03+00:00,1f9469d21b3933d15f843e67125131c0,fishing,"[120.34154333333333, 24.101397, 120.384913, 24.127455]",,,,,24.1097,120.3581,[],['8321'],"['ACAP', 'IWC', 'APFIC', 'WCPFC']",['61'],['61'],[],[],[],[],6.0,4.0,15.684676999999999,11.303056,fcd4fad57-7b2d-b4c2-6f7b-a828767771e9,YOU XING NO.28,416005583,TWN,fishing,"[{'has_publicly_listed_authorization': 'false', 'rfmo': 'WCPFC'}]",,204.7719594714221,1.5802994012457885,,False,not_matching_relevant_public_authorization,2026-04-25 05:35:10.713253
2025-04-21 08:52:16+00:00,2025-04-26 12:17:41+00:00,17f391fa44a3b7a31b893ae13fdc51dd,fishing,"[-71.223208, 41.170942, -71.097938, 41.24294]",,,,,41.2048,-71.1612,[],['8456'],"['ICCAT', 'NASCO', 'ACAP', 'NAMMCO', 'IWC', 'NAFO']","['21.5', '21', '21.5.Z.w', '21.5.Z']",['21'],[],[],[],[],28.0,22.0,20.027336,21.667422,fa68de11a-a1ae-1a5a-c0b8-8ae7f3279876,AMELIA JOYCE,368080240,USA,fishing,"[{'has_publicly_listed_authorization': 'false', 'rfmo': 'ICCAT'}]",,395.5726087427625,2.6115555555555545,,False,not_matching_relevant_public_authorization,2026-04-25 05:35:10.713253
2025-04-21 09:00:07+00:00,2025-04-24 23:47:00+00:00,a403667f3a4ff4efb9743c3e83cb9fe0,fishing,"[60.434213, 24.184637, 60.642247, 24.454748]",,,,,24.3063,60.5395,[],['8469'],"['ACAP', 'RECOFI', 'IWC', 'IOTC']","['51', '51.3']",['51'],[],[],[],[],123.0,91.0,125.716031,94.601781,079529656-672a-9cc4-7b85-0771b5d671bc,ALKAVIR,422230111,IRN,fishing,"[{'has_publicly_listed_authorization': 'false', 'rfmo': 'IOTC'}]",,191.19561685953238,2.3854625550660757,,False,not_matching_relevant_public_authorization,2026-04-25 05:35:10.713253
2025-04-21 09:26:45+00:00,2025-04-24 23:58:38+00:00,0e8cd715213d1a06ba3af4e332df56da,fishing,"[123.159673, 29.50804, 123.850815, 29.959385]",,,,,29.7492,123.5375,[],['8486'],"['WCPFC', 'IWC', 'APFIC', 'ACAP']",['61'],['61'],[],[],[],[],78.0,103.0,55.424242,90.632812,f97baeacf-ff21-824e-4629-5043a1054029,ZHEFENGYU16096,412438837,CHN,fishing,"[{'has_publicly_listed_authorization': 'false', 'rfmo': 'WCPFC'}]",,564.3646358123909,3.6669035532994902,,False,not_matching_relevant_public_authorization,2026-04-25 05:35:10.713253
2025-04-21 09:38:00+00:00,2025-04-24 15:55:21+00:00,94fa1e529e4c0c43e663f1fb4aeea560,fishing,"[1.1613083333333334, 50.08835, 1.2332783333333333, 50.133961666666664]",,,,,50.112,1.1973,['555559631'],['5677'],"['ICCAT', 'ACAP', 'ICES', 'IWC', 'NAMMCO', 'NASCO', 'NEAFC']","['27', '27.7.d', '27.7']",['27'],['5677'],[],[],[],11.0,12.0,11.626816000000002,6.79111,cc35fc8da-a405-d30a-c47a-3c46d441d397,GV STAR OF HOPE,232038483,GBR,fishing,"[{'has_publicly_listed_authorization': 'false', 'rfmo': 'ICCAT'}]",,159.56642600354525,1.9234965012727936,,False,not_matching_relevant_public_authorization,2026-04-25 05:35:10.713253
2025-04-21 09:52:38+00:00,2025-04-24 23:55:12+00:00,1c3c5a4b571f0212d9b7ca12fa8f7b30,fishing,"[-82.472243, 27.926023, -82.445247, 27.963262]",,,,,27.9422,-82.4492,[],['8456'],"['NAMMCO', 'ICCAT', 'ACAP', 'IWC']",['31'],['31'],['8456'],[],[],[],0.0,0.0,1.483749,1.483628,bead17151-1118-5856-dc97-61251571c496,CRAFT,368328330,USA,fishing,"[{'has_publicly_listed_authorization': 'false', 'rfmo': 'ICCAT'}]",,30.239618783764914,0.7562933597621412,,False,not_matching_relevant_public_authorization,2026-04-25 05:35:10.713253
2025-04-21 09:53:17+00:00,2025-04-24 23:34:55+00:00,303249f73c13a4b499fbc7f5a3ddb3ca,fishing,"[-59.99246666666667, -46.234033333333336, -60.380979999999994, -44.920386666666666]",,,,,-45.2114,-60.1225,[],[],"['ACAP', 'CCSBT', 'IWC', 'ICCAT']","['41.3.1', '41', '41.3']",['41'],[],['63203'],[],[],453.0,355.0,470.306625,412.686719,9a785b23f-f3b6-2288-8e7e-16fa822e342c,LURONGYUANYU805,412331069,CHN,fishing,"[{'has_publicly_listed_authorization': 'false', 'rfmo': 'ICCAT'}, {'has_publicly_listed_authorization': 'false', 'rfmo': 'CCSBT'}]",,540.1004544684899,3.8289941015195876,,True,not_matching_relevant_public_authorization,2026-04-25 05:35:10.713253
2025-04-21 09:58:20+00:00,2025-04-24 23:59:29+00:00,df454af074ed89fd9127b9b2942a056b,fishing,"[62.11702199999999, 24.05964, 61.70424, 24.421533]",,,,,24.2268,61.8856,[],['8359'],"['ACAP', 'IWC', 'IOTC']","['51', '51.4']",['51'],[],[],[],[],111.0,66.0,118.854867,100.311023,618b2592d-d382-6251-9e3a-4c43d8799f71,AL NAJEEBI,111172479,,fishing,"[{'has_publicly_listed_authorization': 'false', 'rfmo': 'IOTC'}]",,220.79198007603202,2.085321100917429,,False,not_matching_relevant_public_authorization,2026-04-25 05:35:10.713253
2025-04-21 10:31:38+00:00,2025-04-24 01:43:07+00:00,2b9020ded4f4a370fd47863a4651ac3e,fishing,"[63.145511666666664, 24.11566, 63.533825, 24.295066666666667]",,,,,24.217,63.3842,[],['8359'],"['IWC', 'IOTC', 'ACAP']","['51', '51.4']",['51'],[],[],[],[],122.0,96.0,136.595375,149.400578,a71a24ca6-64b1-3e83-00a7-7dd4ee488480,SAFINA  NASIR,463172575,PAK,fishing,"[{'has_publicly_listed_authorization': 'false', 'rfmo': 'IOTC'}]",,168.1225052149112,1.6435082877538463,,False,not_matching_relevant_public_authorization,2026-04-25 05:35:10.713253
2025-04-21 10:32:23+00:00,2025-04-24 02:58:58+00:00,c7cd89ac204ebe44a9185be5a7211f71,fishing,"[-58.677165, -52.998603333333335, -59.927878333333325, -52.75303666666667]",,,,,-52.9432,-59.2831,[],['8389'],"['ACAP', 'CCSBT', 'ICCAT', 'IWC']","['41', '41.3', '41.3.2']",['41'],[],[],[],[],36.0,43.0,123.390828,138.511656,07546d77f-ff2a-4f4b-bea1-1b9b7afe5150,BEAGLE FI,740337000,FLK,fishing,"[{'has_publicly_listed_authorization': 'false', 'rfmo': 'ICCAT'}, {'has_publicly_listed_authorization': 'false', 'rfmo': 'CCSBT'}]",,421.466481505999,3.8627318737880776,,False,not_matching_relevant_public_authorization,2026-04-25 05:35:10.713253
2025-04-21 11:00:12+00:00,2025-04-24 23:49:22+00:00,66f1ce203001ad405bbc3433c23689d6,fishing,"[100.524585, 12.739465, 100.683113, 13.107922]",,,,,13.0094,100.6106,[],['8332'],"['ACAP', 'SEAFDEC', 'APFIC', 'IWC', 'WCPFC']",['71'],['71'],[],[],[],[],22.0,13.0,34.992922,6.497807,d252b24a1-12ce-3436-02bc-9705d8b072f0,ONWA7771,9107771,,fishing,"[{'has_publicly_listed_authorization': 'false', 'rfmo': 'WCPFC'}]",,317.18391614042423,2.113703703703705,,False,not_matching_relevant_public_authorization,2026-04-25 05:35:10.713253
2025-04-21 11:12:54+00:00,2025-04-24 01:59:30+00:00,6e4495cf246874c7e8be0b0cc006a93e,fishing,"[118.915712, 39.104783, 118.984998, 39.178652]",,,,,39.1396,118.9559,[],['8486'],"['ACAP', 'PICES', 'WCPFC', 'IWC', 'NACA', 'APFIC']",['61'],['61'],['8486'],[],[],[],4.0,1.0,0.862924,0.0,e03a467c5-5336-c118-0a5d-f95d39f094a4,JITANGGANGYUXIU00015,412289438,CHN,fishing,"[{'has_publicly_listed_authorization': 'false', 'rfmo': 'WCPFC'}]",,120.75858425087647,1.8614695340501795,,False,not_matching_relevant_public_authorization,2026-04-25 05:35:10.713253
2025-04-21 11:24:49+00:00,2025-04-24 04:17:31+00:00,c0e2909acb0a98d11cdc3a37bda7df2a,fishing,"[119.486365, 35.324267, 119.488733, 35.326383]",,,,,35.3251,119.4879,[],['8486'],"['APFIC', 'WCPFC', 'NACA']",['61'],['61'],[],[],[],[],2.0,2.0,0.0,0.0,40a216c62-23e9-78fc-6d59-80fdfcbe5b45,LUDONGGANGYU61957,412322355,CHN,fishing,"[{'has_publicly_listed_authorization': 'false', 'rfmo': 'WCPFC'}]",,5.240246010965124,0.1402922755741129,,False,not_matching_relevant_public_authorization,2026-04-25 05:35:10.713253
2025-04-21 11:42:28+00:00,2025-04-24 09:40:01+00:00,8e8bf663d7f6d745055d01aaf1a5c2b1,fishing,"[119.656955, 34.85324, 120.456157, 35.367462]",,,,,35.0098,119.9562,[],['8486'],"['ACAP', 'PICES', 'IWC', 'WCPFC']",['61'],['61'],['8486'],[],[],[],18.0,50.0,0.0,48.579539,e569011af-f32f-e188-9c6f-00ca1361c19e,LULANYU61602,412322894,CHN,fishing,"[{'has_publicly_listed_authorization': 'false', 'rfmo': 'WCPFC'}]",,449.6322333977487,3.6275837491090517,,False,not_matching_relevant_public_authorization,2026-04-25 05:35:10.713253
2025-04-21 11:57:13+00:00,2025-04-24 23:58:04+00:00,f29996cb4aaf557d5f83469639d4157f,fishing,"[143.39746666666667, 55.81265, 143.88015, 56.087316666666666]",,,,,55.9794,143.5773,[],['5690'],"['ACAP', 'IWC', 'PICES']",['61'],['61'],[],[],[],[],160.0,199.0,257.583828,295.5535,8f59c9926-65de-8292-d47c-6b2c41d8fa0d,ANATOLIY PONOMAREV,273846020,RUS,fishing,"[{'has_publicly_listed_authorization': None, 'rfmo': None}]",,562.2823644809786,3.920597650627568,,False,publicly_authorized,2026-04-25 05:35:10.713253
2025-04-21 12:03:17+00:00,2025-04-24 23:59:22+00:00,f8c1eb55c254e2bf96f22f6b941006a0,fishing,"[119.653542, 34.870917, 120.566112, 35.353547]",,,,,35.01,120.0193,[],['8486'],"['ACAP', 'PICES', 'WCPFC', 'IWC']",['61'],['61'],['8486'],[],[],[],19.0,58.0,2.223899,52.771758,605cd1b83-37ef-bd77-bbb4-f55ac8bd999b,LULANYU61351,412320691,CHN,fishing,"[{'has_publicly_listed_authorization': 'false', 'rfmo': 'WCPFC'}]",,563.6983780122466,3.7764060356652944,,False,not_matching_relevant_public_authorization,2026-04-25 05:35:10.713253
2025-04-21 12:10:19+00:00,2025-04-24 23:59:32+00:00,bdd0ac9a2bcc303967b41df349d30e9d,fishing,"[119.652275, 34.868583, 120.56375, 35.343612]",,,,,35.0111,120.017,[],['8486'],"['IWC', 'PICES', 'ACAP', 'WCPFC']",['61'],['61'],['8486'],[],[],[],19.0,58.0,2.223899,53.845133000000004,e766b3f5f-f31a-6814-7a44-b2c5459580f3,LULANYU61352,412320692,CHN,fishing,"[{'has_publicly_listed_authorization': 'false', 'rfmo': 'WCPFC'}]",,563.4653833478193,3.6686046511627852,,False,not_matching_relevant_public_authorization,2026-04-25 05:35:10.713253
2025-04-21 12:13:57+00:00,2025-04-30 16:34:05+00:00,3bb07bff339ccfefc3bb3f699bb3053b,fishing,"[-9.453966666666673, 48.92738666666666, -11.246016666666662, 49.865096666666666]",,,,,49.3008,-10.8003,[],['5681'],"['NASCO', 'IWC', 'NEAFC', 'ACAP', 'NAMMCO', 'ICCAT', 'ICES']","['27', '27.7', '27.7.j.2', '27.7.j']",['27'],[],[],[],[],247.0,203.0,249.013781,207.6605,75208c696-6421-edbe-18be-1b17bdf040e0,PATRICIA MARTA,235076457,GBR,fishing,"[{'has_publicly_listed_authorization': 'false', 'rfmo': 'ICCAT'}]",,1096.349716127582,3.296332878437635,,False,not_matching_relevant_public_authorization,2026-04-25 05:35:10.713253
2025-04-21 12:16:30+00:00,2025-04-24 23:54:39+00:00,675f4de5324da20ac7d798c01a333bc3,fishing,"[100.25042666666667, 13.2948, 100.432013, 13.40256]",,,,,13.3228,100.3335,[],['8332'],"['IWC', 'WCPFC', 'SEAFDEC', 'APFIC', 'ACAP']",['71'],['71'],[],[],[],[],20.0,11.0,24.677174,18.179648,71e568235-5ec4-cf72-7b9a-5113ef47051e,*`CHATKUNG`*@,567243459,THA,fishing,"[{'has_publicly_listed_authorization': 'false', 'rfmo': 'WCPFC'}]",,426.8188109374561,3.147240051072429,,False,not_matching_relevant_public_authorization,2026-04-25 05:35:10.713253
2025-04-21 12:17:48+00:00,2025-04-24 11:49:29+00:00,cd0ead4686b22ecb77cbc4a4f6b35902,fishing,"[5.642811666666667, 54.25599166666667, 6.111633333333334, 54.517285]",,,,,54.4003,5.871,[],"['5668', '5669']","['ICES', 'NASCO', 'ACAP', 'IWC', 'ICCAT', 'NEAFC', 'NAMMCO']","['27', '27.4.b', '27.4']",['27'],[],[],[],[],87.0,107.0,27.63541,18.528061,d6f4172ce-ec62-b52f-13cf-938448a4f83b,BRA7 JADE,211332750,DEU,fishing,"[{'has_publicly_listed_authorization': 'false', 'rfmo': 'ICCAT'}]",,370.9292081315051,2.7631707451450174,,False,not_matching_relevant_public_authorization,2026-04-25 05:35:10.713253
2025-04-21 12:18:20+00:00,2025-04-24 02:24:17+00:00,1f619862d92e74f93e4b28839260f50d,fishing,"[128.069495, 34.92502833333333, 128.07101, 34.92664666666667]",,,,,34.9259,128.0702,[],['8327'],"['APFIC', 'WCPFC']",['61'],['61'],[],[],[],[],1.0,1.0,0.0,0.0,2895f1205-57ec-f9d7-9730-7889a667cbed,87HWACHANG,440121640,KOR,fishing,"[{'has_publicly_listed_authorization': 'false', 'rfmo': 'WCPFC'}]",,25.754013899959446,0.6607269545858525,,False,not_matching_relevant_public_authorization,2026-04-25 05:35:10.713253
2025-04-21 12:31:31+00:00,2025-04-24 22:30:37+00:00,a86bec86a8afd28064d2e833f8d5c6b2,fishing,"[100.577905, 13.051742, 100.712177, 13.193665]",,,,,13.115,100.6639,[],['8332'],"['IWC', 'SEAFDEC', 'APFIC', 'WCPFC', 'ACAP']",['71'],['71'],[],[],[],[],12.0,10.0,18.199938999999997,6.495688,100478434-4a15-bc5d-7174-569a7d9a1f4f,ONWA 9,9135496,,fishing,"[{'has_publicly_listed_authorization': 'false', 'rfmo': 'WCPFC'}]",,327.74274925995564,2.2395042602633564,,False,not_matching_relevant_public_authorization,2026-04-25 05:35:10.713253
2025-04-21 12:40:07+00:00,2025-04-24 02:37:52+00:00,c3d57762eccef0e45ab9a66bc632ea87,fishing,"[117.519505, 23.025363, 117.841625, 23.141628]",,,,,23.0742,117.6269,[],['8486'],"['WCPFC', 'ACAP', 'IWC', 'APFIC']",['61'],['61'],[],[],[],[],58.0,65.0,34.650129,24.176217,b21bb6aab-bcc3-90b2-a2e7-daa96625d682,YUENANYU31600,210235672,CYP,fishing,"[{'has_publicly_listed_authorization': 'false', 'rfmo': 'WCPFC'}]",,453.3214595774323,4.003763837638379,,False,not_matching_relevant_public_authorization,2026-04-25 05:35:10.713253
2025-04-21 12:52:29+00:00,2025-04-24 19:33:08+00:00,ff8c6a435d0805051110040ebf499e75,fishing,"[108.653555, 10.449532, 108.846107, 10.58066]",,,,,10.5161,108.7947,[],['8484'],"['SEAFDEC', 'APFIC', 'WCPFC', 'ACAP', 'IWC']",['71'],['71'],[],[],[],[],32.0,9.0,164.067562,149.294641,21b142c85-517d-33c0-5a65-184e82157ce1,22_CR7_A3,574561977,VNM,fishing,"[{'has_publicly_listed_authorization': 'false', 'rfmo': 'WCPFC'}]",,286.2088749846758,2.0951211734693835,,False,not_matching_relevant_public_authorization,2026-04-25 05:35:10.713253
2025-04-21 13:00:12+00:00,2025-04-24 06:44:13+00:00,94933169127eeb8a02859fd9efa2ab1e,fishing,"[114.456207, 21.561374999999998, 114.641433, 21.732162]",,,,,21.6737,114.5861,[],['8486'],"['ACAP', 'WCPFC', 'IWC', 'APFIC']",['61'],['61'],[],[],[],[],55.0,50.0,52.271812,38.69302,c0da4dfe1-105e-efcb-135b-5e7e85d0547b,QIONGDANYU18022,412318022,CHN,fishing,"[{'has_publicly_listed_authorization': 'false', 'rfmo': 'WCPFC'}]",,189.82993115407052,2.4904357066950014,,False,not_matching_relevant_public_authorization,2026-04-25 05:35:10.713253
2025-04-21 13:05:35+00:00,2025-04-24 01:55:09+00:00,687b37b1f15e82edf18593801ee61554,fishing,"[119.485228, 35.323553, 119.48822, 35.326982]",,,,,35.3254,119.4865,[],['8486'],"['APFIC', 'WCPFC', 'NACA']",['61'],['61'],[],[],[],[],2.0,2.0,0.0,0.0,904de2b47-7745-cad0-1fa5-514eca867961,LUDONGGANGYU61022,412327071,CHN,fishing,"[{'has_publicly_listed_authorization': 'false', 'rfmo': 'WCPFC'}]",,6.6987636269839275,0.18819875776397518,,False,not_matching_relevant_public_authorization,2026-04-25 05:35:10.713253
2025-04-21 13:10:01+00:00,2025-04-24 23:59:08+00:00,6cdc204a74d6283f168ba457c724cd32,fishing,"[-3.385095, 49.65434, -3.15068, 50.030161666666665]",,,,,49.8176,-3.28,"['555643617', '555635559']","['5696', '5677']","['ACAP', 'NASCO', 'ICES', 'IWC', 'NAMMCO', 'NEAFC', 'ICCAT']","['27.7', '27', '27.7.e']",['27'],[],[],[],[],56.0,42.0,65.529074,46.477258,c9903093b-b438-5287-db0b-33099dec934f,MFV EMILY ROSE,235061272,GBR,fishing,"[{'has_publicly_listed_authorization': 'false', 'rfmo': 'ICCAT'}]",,538.1300976083065,3.5096958144841466,,False,not_matching_relevant_public_authorization,2026-04-25 05:35:10.713253
2025-04-21 13:19:46+00:00,2025-04-24 15:51:21+00:00,238716e58aeb4df6344d3dcb02b61ab7,fishing,"[48.678094999999985, 29.563883, 48.51787999999999, 29.714942]",,,,,29.6721,48.6053,[],['8470'],"['IOTC', 'IWC', 'RECOFI', 'ACAP']","['51.2', '51']",['51'],['8470'],[],[],[],33.0,15.0,7.711729999999999,9.909584,e6faac761-18e9-01d6-c4f8-a3c4ce330012,,447084000,KWT,fishing,"[{'has_publicly_listed_authorization': 'false', 'rfmo': 'IOTC'}]",,305.61171531459996,2.3162090345438475,,False,not_matching_relevant_public_authorization,2026-04-25 05:35:10.713253
2025-04-21 13:56:28+00:00,2025-04-24 02:16:32+00:00,47d339cb0b8759248340f3dc5eedaf6b,fishing,"[125.708938, 30.612845, 126.629782, 31.058085]",,,,,30.7259,126.0618,[],"['8486', '21796', '8327']","['IWC', 'WCPFC', 'PICES', 'ACAP']",['61'],['61'],[],[],[],[],267.0,192.0,245.153375,240.595812,86bded812-2c5f-3898-7893-5bf2f8fc818d,ZHEXIANGYU30297,412438312,CHN,fishing,"[{'has_publicly_listed_authorization': 'false', 'rfmo': 'WCPFC'}]",,266.1533882044827,2.601217391304345,,False,not_matching_relevant_public_authorization,2026-04-25 05:35:10.713253
2025-04-21 14:50:08+00:00,2025-04-24 07:16:28+00:00,fa13424c891bb98426ea09d2e9cb4675,fishing,"[-1.8146466666666667, 56.64084666666667, -1.7126350000000001, 56.710613333333335]",,,,,56.6703,-1.7812,[],['5696'],"['ICCAT', 'NASCO', 'NAMMCO', 'ICES', 'NEAFC', 'IWC', 'ACAP']","['27.4.b', '27', '27.4']",['27'],[],[],[],[],36.0,37.0,35.680023,40.757531,ae1a69761-1e4d-ed99-01ac-74380595bb6f,GV BOUNTIFUL BF79,235009220,GBR,fishing,"[{'has_publicly_listed_authorization': 'false', 'rfmo': 'ICCAT'}]",,82.64327248441153,0.7715091719971222,,False,not_matching_relevant_public_authorization,2026-04-25 05:35:10.713253
2025-04-21 14:55:00+00:00,2025-04-24 23:43:02+00:00,1552af8647e9e09df668f135eef89b48,fishing,"[102.634863, 1.496772, 103.02212, 1.754562]",,,,,1.6392,102.8385,[],['8483'],"['APFIC', 'ACAP', 'WCPFC', 'IWC', 'SEAFDEC']",['71'],['71'],['8483'],[],[],[],16.0,0.0,44.135254,14.235661,92eb584ed-d441-80ce-7f32-0eefe180313f,HG,533010294,MYS,fishing,"[{'has_publicly_listed_authorization': 'false', 'rfmo': 'WCPFC'}]",,464.25054234807203,3.1786885245901675,,False,not_matching_relevant_public_authorization,2026-04-25 05:35:10.713253
2025-04-21 15:16:00+00:00,2025-04-24 23:57:05+00:00,c61ddff03d8758bd1fc52a1164ed83e9,fishing,"[100.330207, 12.197575, 100.364233, 12.57747]",,,,,12.376,100.3455,[],['8332'],"['ACAP', 'APFIC', 'SEAFDEC', 'IWC', 'WCPFC']",['71'],['71'],['8332'],[],[],[],33.0,41.0,72.531422,53.76218,500b604a0-05ec-ab3b-2e67-f2a812a64679,RUNGREUNGCHUMPORN 7,567222250,THA,fishing,"[{'has_publicly_listed_authorization': 'false', 'rfmo': 'WCPFC'}]",,312.4214828423501,2.3508505736493532,,False,not_matching_relevant_public_authorization,2026-04-25 05:35:10.713253
2025-04-21 15:34:31+00:00,2025-04-24 06:40:43+00:00,45de8f1f4315aa5a42ee4788f4b6a67a,fishing,"[120.228508, 35.236173, 120.387625, 35.45754]",,,,,35.3611,120.3006,[],['8486'],"['PICES', 'WCPFC', 'IWC', 'ACAP']",['61'],['61'],['8486'],[],[],[],52.0,38.0,23.566043,37.765641,d08fc617b-b8dd-8963-ea0e-5e65c062ab99,LUDONGGANGYU61612,412322498,CHN,fishing,"[{'has_publicly_listed_authorization': 'false', 'rfmo': 'WCPFC'}]",,154.59268438202957,1.4700862068965506,,False,not_matching_relevant_public_authorization,2026-04-25 05:35:10.713253
2025-04-21 15:41:19+00:00,2025-04-24 22:04:35+00:00,248fa305b813ce5f319706d879d2c492,fishing,"[0.3592483333333405, 50.37996166666667, 0.23912166666667645, 50.45446666666667]",,,,,50.4055,0.2751,[],['5696'],"['ACAP', 'ICES', 'ICCAT', 'NAMMCO', 'NASCO', 'NEAFC', 'IWC']","['27', '27.7.d', '27.7']",['27'],[],[],[],[],41.0,32.0,45.639089999999996,38.335733999999995,ed077a438-8f34-dbc6-4ac7-4b09b6e6fdc9,ALBION-DS10,232627000,GBR,fishing,"[{'has_publicly_listed_authorization': 'false', 'rfmo': 'ICCAT'}]",,302.9901296450929,2.147908222925691,,False,not_matching_relevant_public_authorization,2026-04-25 05:35:10.713253
2025-04-21 16:05:15+00:00,2025-04-24 23:35:13+00:00,d47490da92a65a69ca89a0f60362a97b,fishing,"[-11.25, 50.69819, -10.951831666666667, 51.39833333333333]",,,,,50.8737,-11.0478,[],['5681'],"['NEAFC', 'NAMMCO', 'ICES', 'NASCO', 'ACAP', 'IWC', 'ICCAT']","['27', '27.7.j', '27.7', '27.7.j.2']",['27'],[],[],[],[],121.0,53.0,136.38770300000002,68.250328,d8085db4f-f067-ec15-9eb5-abcb354589d4,HERBADI DOS,224229000,ESP,fishing,"[{'has_publicly_listed_authorization': 'false', 'rfmo': 'ICCAT'}]",,432.72130279101555,3.057281557796071,,False,not_matching_relevant_public_authorization,2026-04-25 05:35:10.713253
2025-04-21 16:12:56+00:00,2025-04-24 09:14:02+00:00,767b39a673512b8ad19c6e0fc572efef,fishing,"[119.485285, 35.323948, 119.487025, 35.325185]",,,,,35.3245,119.4862,[],['8486'],"['NACA', 'APFIC', 'WCPFC']",['61'],['61'],[],[],[],[],2.0,2.0,0.0,0.0,e42c1f1ae-ea7d-b834-e94f-77c37864843d,LUDONGGANGYU61786,412333363,CHN,fishing,"[{'has_publicly_listed_authorization': 'false', 'rfmo': 'WCPFC'}]",,5.229791592811573,0.11370656370656368,,False,not_matching_relevant_public_authorization,2026-04-25 05:35:10.713253
2025-04-21 16:20:44+00:00,2025-04-24 06:36:37+00:00,3789785d3c80194f0096fc8506ef6828,fishing,"[48.76896, 28.888555, 48.940357, 29.187057]",,,,,29.0985,48.8474,[],['8357'],"['IOTC', 'ACAP', 'RECOFI', 'IWC']","['51', '51.2']",['51'],['8357'],[],[],[],40.0,58.0,25.904992,20.594191,5aa324188-8e93-7342-f419-d727b746221d,447591000,447591000,KWT,fishing,"[{'has_publicly_listed_authorization': 'false', 'rfmo': 'IOTC'}]",,287.8593026264562,2.6192192192192194,,False,not_matching_relevant_public_authorization,2026-04-25 05:35:10.713253
2025-04-21 16:25:06+00:00,2025-04-24 01:46:01+00:00,ec7a7aa1e87a4bf11d42d9458a5216f7,fishing,"[125.744673, 30.624105, 126.7758, 31.108248]",,,,,30.7451,126.1044,[],"['8486', '8327', '21796']","['PICES', 'ACAP', 'IWC', 'WCPFC']",['61'],['61'],[],[],[],[],270.0,177.0,247.953891,236.314125,f9e6db0e4-4f52-fc2c-5da5-867077beb31c,ZHEXIANGYU30098,412436991,CHN,fishing,"[{'has_publicly_listed_authorization': 'false', 'rfmo': 'WCPFC'}]",,246.55736822713985,2.379964850615114,,False,not_matching_relevant_public_authorization,2026-04-25 05:35:10.713253
2025-04-21 16:32:32+00:00,2025-04-24 09:37:12+00:00,7cc7afcac91990a54a3b77ee49ed953a,fishing,"[121.64573, 34.956413, 121.716055, 35.269365]",,,,,35.1009,121.6879,[],['8486'],"['PICES', 'IWC', 'WCPFC', 'ACAP']",['61'],['61'],[],[],[],[],126.0,103.0,104.817602,85.168031,8c65d3276-68fc-8a5f-93b9-af5f7cae0f4c,LUDONGGANGYU61030,412321575,CHN,fishing,"[{'has_publicly_listed_authorization': 'false', 'rfmo': 'WCPFC'}]",,291.4858463635106,2.8668356997971607,,False,not_matching_relevant_public_authorization,2026-04-25 05:35:10.713253
2025-04-21 17:00:52+00:00,2025-04-24 04:32:19+00:00,b036c8eabe5a3ed8056afc10ab0f966f,fishing,"[119.667428, 35.032562, 120.38685, 35.27281]",,,,,35.1123,119.923,[],['8486'],"['PICES', 'WCPFC', 'ACAP', 'IWC']",['61'],['61'],['8486'],[],[],[],29.0,57.0,4.447797,36.687562,85310d223-3569-f140-daf6-fa7443111fcc,LULANYU61619,412322949,CHN,fishing,"[{'has_publicly_listed_authorization': 'false', 'rfmo': 'WCPFC'}]",,410.04813805638435,3.69346257889991,,False,not_matching_relevant_public_authorization,2026-04-25 05:35:10.713253
2025-04-21 17:18:17+00:00,2025-04-24 23:54:52+00:00,fae50c59f112711ed8a699e43bb8f867,fishing,"[-17.428065, 11.874706666666667, -17.30561, 12.286621666666667]",,,,,12.1218,-17.3386,[],"['8471', '48964', '8371']","['ACAP', 'SRFC', 'NAMMCO', 'ICCAT', 'IWC']","['34.3.1', '34.3', '34.3.13', '34']",['34'],[],[],[],[],93.0,59.0,149.332562,117.75143,c17075854-49bb-6c86-ad25-6b9f2d6f6ddd,LA PINTA R,224175000,ESP,fishing,"[{'has_publicly_listed_authorization': 'false', 'rfmo': 'ICCAT'}]",,407.1659302636029,2.849074069972316,,False,not_matching_relevant_public_authorization,2026-04-25 05:35:10.713253
2025-04-21 17:21:44+00:00,2025-04-24 23:55:08+00:00,9808da7429a1b0a4c930f560f594d5dd,fishing,"[-93.797885, 29.589808, -93.358353, 29.743645]",,,,,29.6285,-93.7187,[],['8456'],"['IWC', 'ICCAT', 'ACAP', 'NAMMCO']",['31'],['31'],['8456'],[],[],[],12.0,3.0,2.424973,3.472718,51a45a050-0c0a-2338-4bc8-2e4c0a735ab5,LUCKY COOPER,367751210,USA,fishing,"[{'has_publicly_listed_authorization': 'false', 'rfmo': 'ICCAT'}]",,409.4845867756944,2.8060640732265423,,False,not_matching_relevant_public_authorization,2026-04-25 05:35:10.713253
2025-04-21 17:23:21+00:00,2025-04-24 16:56:41+00:00,f1d52c41bc65d82afd09691a0f3cedee,fishing,"[-96.095707, 27.980768, -95.539633, 28.693448]",,,,,28.6007,-95.6739,[],['8456'],"['ACAP', 'NAMMCO', 'IWC', 'ICCAT']",['31'],['31'],['8456'],[],[],[],50.0,12.0,44.932871,11.497746999999999,bf9b27a0c-c0f4-74d5-f840-cfce14c13450,APACHE,368104880,USA,fishing,"[{'has_publicly_listed_authorization': 'false', 'rfmo': 'ICCAT'}]",,300.7748697033004,2.5181818181818154,,False,not_matching_relevant_public_authorization,2026-04-25 05:35:10.713253
2025-04-21 17:34:50+00:00,2025-04-24 04:31:15+00:00,0065d3f6d47080c22bc64478ea8c2688,fishing,"[108.1702, 18.458472, 108.502137, 19.53973]",,,,,19.1989,108.2914,[],['8486'],"['IWC', 'APFIC', 'WCPFC', 'ACAP']",['61'],['61'],[],[],[],[],54.0,26.0,53.29734,45.156617,f79695364-4135-ff2b-5d23-db8a285f6b1e,33309,900033309,,fishing,"[{'has_publicly_listed_authorization': 'false', 'rfmo': 'WCPFC'}]",,369.8304105179346,3.553507340946163,,False,not_matching_relevant_public_authorization,2026-04-25 05:35:10.713253
2025-04-21 17:55:19+00:00,2025-04-24 16:44:03+00:00,a3b8e7ce6ec18f36f58f81b970d84d08,fishing,"[121.470335, 28.692517, 121.472693, 28.694772]",,,,,28.6938,121.4712,[],['8486'],"['WCPFC', 'IWC', 'ACAP', 'APFIC']",['61'],['61'],[],[],[],[],1.0,1.0,0.0,0.0,0a41123c1-1364-a44c-8eae-170bb34bca21,ZHEJIAOYUYUN88878,412421568,CHN,fishing,"[{'has_publicly_listed_authorization': 'false', 'rfmo': 'WCPFC'}]",,9.331641763508108,0.2582746478873236,,False,not_matching_relevant_public_authorization,2026-04-25 05:35:10.713253
2025-04-21 18:06:30+00:00,2025-04-24 19:14:43+00:00,5bfbce6a471630978504abc23bbc18cb,fishing,"[124.31819833333333, 29.68349, 124.857828, 29.81539]",,,,,29.7663,124.5462,[],['8486'],"['APFIC', 'IWC', 'ACAP', 'WCPFC']",['61'],['61'],[],[],[],[],157.0,198.0,143.718,188.9495,c1e1d6527-7cf3-c92f-8dc4-8e87a238bf34,ZHEXIANGYU13128,412437881,CHN,fishing,"[{'has_publicly_listed_authorization': 'false', 'rfmo': 'WCPFC'}]",,344.6313395579833,2.601175736042091,,False,not_matching_relevant_public_authorization,2026-04-25 05:35:10.713253
2025-04-21 18:20:13+00:00,2025-04-24 06:34:46+00:00,25e2d2e20992d9fd1a2c315c70a6eade,fishing,"[120.39748, 35.396237, 120.56856, 35.417087]",,,,,35.4073,120.4777,[],['8486'],"['IWC', 'ACAP', 'WCPFC', 'PICES']",['61'],['61'],['8486'],[],[],[],44.0,52.0,44.377652000000005,47.13018,30aaf2a56-62c5-8046-5284-976a5f5b0452,LUQINGXINYU61687,412347034,CHN,fishing,"[{'has_publicly_listed_authorization': 'false', 'rfmo': 'WCPFC'}]",,172.14574951619844,1.8277566539923953,,False,not_matching_relevant_public_authorization,2026-04-25 05:35:10.713253
2025-04-21 18:30:28+00:00,2025-04-24 18:21:37+00:00,e9443e07272aae685197b466a43e3000,fishing,"[-94.476278, 29.14644, -94.342155, 29.421225]",,,,,29.256,-94.4087,[],['8456'],"['ACAP', 'NAMMCO', 'ICCAT', 'IWC']",['31'],['31'],['8456'],[],[],[],32.0,16.0,1.476345,16.877217,cd07a63ec-cf20-1a25-bf48-6b5c934ef65a,T&L PRIDE,367601420,USA,fishing,"[{'has_publicly_listed_authorization': 'false', 'rfmo': 'ICCAT'}]",,362.3529539629617,2.8845671267252166,,False,not_matching_relevant_public_authorization,2026-04-25 05:35:10.713253
2025-04-21 18:31:42+00:00,2025-04-24 23:58:44+00:00,7ca12cf6a634b7931e9dfda4606cf906,fishing,"[-6.37374, 47.395678333333336, -5.626666666666667, 47.791666666666664]",,,,,47.5164,-5.9233,"['555643633', '555635560']",['5677'],"['NAMMCO', 'ICCAT', 'ACAP', 'IWC', 'NEAFC', 'ICES', 'NASCO']","['27.8.a', '27', '27.8.d', '27.8.d.2', '27.8']",['27'],[],[],[],[],133.0,63.0,133.502797,63.763602,a41ae8287-75e5-e76d-31ac-83b6b109fa21,KSORA,227393000,FRA,fishing,"[{'has_publicly_listed_authorization': 'true', 'rfmo': 'ICCAT'}]",,403.41840220692063,2.795481932540257,,False,publicly_authorized,2026-04-25 05:35:10.713253
2025-04-21 18:36:43+00:00,2025-04-24 01:28:20+00:00,7c97de9568dd700897778c6d5d3f949d,fishing,"[117.565973, 23.026213, 118.000355, 23.263163]",,,,,23.0937,117.6871,[],['8486'],"['APFIC', 'IWC', 'WCPFC', 'ACAP']",['61'],['61'],['8486'],[],[],[],61.0,64.0,38.395676,31.134578,67e52ba6c-c7aa-e420-ab17-f47d7d2dabde,MTNDONGYU63365,412446961,CHN,fishing,"[{'has_publicly_listed_authorization': 'false', 'rfmo': 'WCPFC'}]",,356.9704156050253,3.8684019370460025,,False,not_matching_relevant_public_authorization,2026-04-25 05:35:10.713253
2025-04-21 18:40:41+00:00,2025-04-24 20:34:50+00:00,0f3b9ac941e98eb44e2ffcde7fed6de0,fishing,"[124.290333, 27.667133, 124.913683, 28.032017]",,,,,27.8603,124.6515,[],"['48954', '8486']","['IWC', 'ACAP', 'APFIC', 'WCPFC']",['61'],['61'],[],[],[],[],203.0,256.0,239.24518799999998,275.394344,df2ef872c-c6c9-ed18-90f1-ac64e6204ee6,MEI DA 998,413526855,CHN,fishing,"[{'has_publicly_listed_authorization': 'false', 'rfmo': 'WCPFC'}]",,400.7548072793546,3.4196132596685067,,False,not_matching_relevant_public_authorization,2026-04-25 05:35:10.713253
2025-04-21 18:50:26+00:00,2025-04-24 23:59:18+00:00,7d87e44f82159bf3f671630ba964a01a,fishing,"[-166.20297666666667, 57.57317833333333, -165.224155, 57.710028333333334]",,,,,57.6317,-165.7184,[],['8463'],"['IPHC', 'PICES', 'ACAP', 'IWC']",['67'],['67'],[],[],[],[],226.0,208.0,237.3635,247.921391,d76871410-0d1b-13e0-7d8f-1c6fbd9046f9,CONSTELLATION,367109910,USA,fishing,"[{'has_publicly_listed_authorization': None, 'rfmo': None}]",,517.2005758578749,3.615441456999309,,False,publicly_authorized,2026-04-25 05:35:10.713253
2025-04-21 18:55:32+00:00,2025-04-24 02:21:31+00:00,2e0fca3f7e04905f0eb1f3c1aaaa4dad,fishing,"[64.940487, 24.800967, 66.051258, 25.109622]",,,,,24.9688,65.607,[],['8359'],"['IOTC', 'ACAP', 'IWC']","['51.4', '51']",['51'],['8359'],[],[],[],50.0,35.0,166.279312,56.284434000000005,12a33ec0a-a15f-8f01-2a4e-07d07bc15b8c,GUL E SUDAIM,463170794,PAK,fishing,"[{'has_publicly_listed_authorization': 'false', 'rfmo': 'IOTC'}]",,169.40551343672215,2.3114893617021286,,False,not_matching_relevant_public_authorization,2026-04-25 05:35:10.713253
2025-04-21 19:08:37+00:00,2025-04-24 08:35:01+00:00,f75be841ae0379b585b8b9aedbf30156,fishing,"[121.156255, 35.856737, 121.51507, 35.940287]",,,,,35.8978,121.3517,[],['8486'],"['WCPFC', 'ACAP', 'IWC', 'PICES']",['61'],['61'],['8486'],[],[],[],26.0,58.0,15.359397000000001,37.740109,b5a7fab11-1eb1-bc70-3bbe-583b83e1c781,LUHAIYU61812,412337172,CHN,fishing,"[{'has_publicly_listed_authorization': 'false', 'rfmo': 'WCPFC'}]",,341.64043503701527,3.2657282741738083,,False,not_matching_relevant_public_authorization,2026-04-25 05:35:10.713253
2025-04-21 19:12:06+00:00,2025-04-24 04:04:25+00:00,d8290468a5a84b4dd5fa45de449f0fe4,fishing,"[6.037689999999998, 53.468805, 5.577245000000005, 53.522103333333334]",,,,,53.4819,5.7719,"['555590821', '555514216', '555578895', '900752', '555557101', '555721984']",['5668'],"['IWC', 'ACAP', 'ICCAT', 'NASCO', 'NAMMCO', 'ICES', 'NEAFC']","['27.4', '27', '27.4.c', '27.4.b']",['27'],['5668'],[],[],[],1.0,6.0,4.259368,11.430331,2921d311c-c1ee-3659-3cf6-cec693acc5dd,OL12 DRIE GEBROEDERS,245283000,NLD,fishing,"[{'has_publicly_listed_authorization': 'false', 'rfmo': 'ICCAT'}]",,293.00786282267757,2.7751424931216295,,False,not_matching_relevant_public_authorization,2026-04-25 05:35:10.713253
2025-04-21 19:40:48+00:00,2025-04-24 02:52:14+00:00,7db02413aeeb672b0aa12391f75f1762,fishing,"[108.632302, 10.417007, 108.872315, 10.552007]",,,,,10.4589,108.759,[],['8484'],"['ACAP', 'SEAFDEC', 'IWC', 'WCPFC', 'APFIC']",['71'],['71'],[],[],[],[],35.0,6.0,161.85434400000003,152.09856200000002,380000015-503c-b8f4-0f95-ccdd6a63f4d8,68*PHUOC*THINH*B3S15,574565678,VNM,fishing,"[{'has_publicly_listed_authorization': 'false', 'rfmo': 'WCPFC'}]",,231.8530453353083,2.3602134885977684,,False,not_matching_relevant_public_authorization,2026-04-25 05:35:10.713253
2025-04-21 19:46:18+00:00,2025-04-24 20:34:41+00:00,7f11df0c410cc72d9e035b5ea658462f,fishing,"[121.075235, 35.92714, 121.140028, 36.074118]",,,,,35.9917,121.1125,[],['8486'],"['PICES', 'ACAP', 'IWC', 'WCPFC']",['61'],['61'],['8486'],[],[],[],19.0,30.0,10.498918,25.566611,e12d115a6-66ec-55ff-db50-99ec855862b8,LURONGYU59032,412330666,CHN,fishing,"[{'has_publicly_listed_authorization': 'false', 'rfmo': 'WCPFC'}]",,214.02953595288415,2.081231671554251,,False,not_matching_relevant_public_authorization,2026-04-25 05:35:10.713253
2025-04-21 19:57:33+00:00,2025-04-24 19:37:31+00:00,e51fff747d5b725a4b32d5f6cd9580fb,fishing,"[124.2907, 27.772872, 124.859062, 28.053805]",,,,,27.9106,124.6941,[],"['8486', '48954']","['IWC', 'ACAP', 'WCPFC', 'APFIC']",['61'],['61'],[],[],[],[],213.0,261.0,233.30503099999999,270.019781,1aba6a9a0-0e65-0e57-001a-c747d29acb19,ZHEXIANGYU40060,412438129,CHN,fishing,"[{'has_publicly_listed_authorization': 'false', 'rfmo': 'WCPFC'}]",,341.33025802315376,2.828346456692913,,False,not_matching_relevant_public_authorization,2026-04-25 05:35:10.713253
2025-04-21 20:01:16+00:00,2025-04-24 23:59:56+00:00,109980df86403c52cad34179e20c6619,fishing,"[-17.398816666666665, 20.065288333333335, -17.221375, 20.372613333333334]",,,,,20.2033,-17.3061,[],['8369'],"['NAMMCO', 'SRFC', 'ACAP', 'ICCAT', 'IWC']","['34', '34.1.3', '34.1', '34.1.32']",['34'],[],[],[],[],86.0,48.0,82.922352,44.640078,fa0349ace-e6f0-7725-e108-9bd87c15a3f5,CPMC 24,412549308,CHN,fishing,"[{'has_publicly_listed_authorization': 'false', 'rfmo': 'ICCAT'}]",,443.3496524539423,3.1507713385858565,,False,not_matching_relevant_public_authorization,2026-04-25 05:35:10.713253
2025-04-21 20:18:43+00:00,2025-04-24 01:30:01+00:00,8dbdbcd925f2f44c38b75ab22d60514c,fishing,"[6.02284499999999, 53.470306666666666, 5.6562199999999905, 53.522255]",,,,,53.488,5.771,"['555721984', '555557101', '555578895', '555590821', '900752', '555514216']",['5668'],"['NAMMCO', 'NASCO', 'ACAP', 'IWC', 'ICCAT', 'ICES', 'NEAFC']","['27.4.c', '27.4.b', '27', '27.4']",['27'],['5668'],[],[],[],1.0,5.0,5.1874970000000005,9.741419,af3f8ebf4-475f-9a76-3fcb-584ee72a0591,UK71 KOBUS POST,245228000,NLD,fishing,"[{'has_publicly_listed_authorization': 'false', 'rfmo': 'ICCAT'}]",,232.72506923879374,2.3561775330410946,,False,not_matching_relevant_public_authorization,2026-04-25 05:35:10.713253
2025-04-21 20:21:08+00:00,2025-04-24 23:53:01+00:00,9101df9ff32cbf4a789f658e35b4094b,fishing,"[16.66116333333332, 74.36185666666667, 15.70709500000001, 74.87898166666666]",,,,,74.6064,16.2704,[],['33181'],"['NASCO', 'NAMMCO', 'IWC', 'NEAFC', 'ICES', 'ACAP']","['27.2.b.2', '27', '27.2', '27.2.b']",['27'],[],[],[],[],64.0,100.0,65.968953,107.60076600000001,b6ea44b6d-d788-1501-c5fa-39b0ce740e7b,KIEV,273294400,RUS,fishing,"[{'has_publicly_listed_authorization': None, 'rfmo': None}]",,489.7731500496818,3.6617462239860017,,False,publicly_authorized,2026-04-25 05:35:10.713253
2025-04-21 20:29:36+00:00,2025-04-24 20:20:03+00:00,825b0bf3d18b28425ca1f42572315791,fishing,"[-17.39263, 20.079813333333334, -17.231426666666668, 20.431001666666667]",,,,,20.2284,-17.3008,[],['8369'],"['ACAP', 'NAMMCO', 'ICCAT', 'IWC', 'SRFC']","['34.1.32', '34.1.3', '34.1', '34']",['34'],[],[],[],[],84.0,42.0,81.442461,39.551992,bc1b5916f-f41f-88bc-f87d-7b5659fc5e91,AL ASMAC 18,412549233,CHN,fishing,"[{'has_publicly_listed_authorization': 'false', 'rfmo': 'ICCAT'}]",,473.85104562917024,3.529337098656491,,False,not_matching_relevant_public_authorization,2026-04-25 05:35:10.713253
2025-04-21 20:37:24+00:00,2025-04-24 09:46:27+00:00,7a7767934d4e2b3cb5fe821c6c9c6d6b,fishing,"[114.258757, 21.791577, 114.82317, 22.143948]",,,,,21.9454,114.4717,[],['8486'],"['WCPFC', 'APFIC', 'ACAP', 'IWC']",['61'],['61'],['8486'],[],[],[],24.0,38.0,29.867131,31.202514,af47bd7ca-a7ae-4278-e8a2-6ca575fc4c06,SHENNAN2829,412535508,CHN,fishing,"[{'has_publicly_listed_authorization': 'false', 'rfmo': 'WCPFC'}]",,250.9262510288727,2.703316326530609,,False,not_matching_relevant_public_authorization,2026-04-25 05:35:10.713253
2025-04-21 20:51:57+00:00,2025-04-24 13:42:20+00:00,ed104fea153b62204e8183e8505e1db2,fishing,"[124.055173, 31.625817, 124.324332, 31.721837]",,,,,31.7039,124.2016,[],['8486'],"['WCPFC', 'IWC', 'ACAP', 'PICES']",['61'],['61'],[],[],[],[],153.0,178.0,128.322617,154.88103099999998,81f78e2f2-2c03-9c73-e110-91e15bb201ac,ZHEXIANGYU10010,412436084,CHN,fishing,"[{'has_publicly_listed_authorization': 'false', 'rfmo': 'WCPFC'}]",,263.2162290496303,2.6475675675675667,,False,not_matching_relevant_public_authorization,2026-04-25 05:35:10.713253
2025-04-21 20:53:40+00:00,2025-04-24 23:08:39+00:00,41e3df7ff10a9661bffe46c8f904585f,fishing,"[123.728975, 31.487957, 124.081713, 31.989023]",,,,,31.599,123.891,[],['8486'],"['ACAP', 'IWC', 'PICES', 'WCPFC']",['61'],['61'],[],[],[],[],118.0,181.0,93.47016400000001,150.197406,77ce73716-6f59-4cf1-b412-89938ee147ce,ZHESHENGYU06980,900306980,,fishing,"[{'has_publicly_listed_authorization': 'false', 'rfmo': 'WCPFC'}]",,387.478298515392,2.8466753585397653,,False,not_matching_relevant_public_authorization,2026-04-25 05:35:10.713253
2025-04-21 21:01:20+00:00,2025-04-24 23:13:18+00:00,8caf743c02fea62087c4eb937e2f9986,fishing,"[123.741983, 31.43366, 124.325697, 31.631237]",,,,,31.4968,123.9927,[],['8486'],"['IWC', 'PICES', 'WCPFC', 'ACAP']",['61'],['61'],[],[],[],[],115.0,174.0,92.067164,149.643625,d067a127b-ba7b-c021-8ab1-c482612a2b97,ZHESHENGYU06378,412411615,CHN,fishing,"[{'has_publicly_listed_authorization': 'false', 'rfmo': 'WCPFC'}]",,364.82132249518435,2.8899371069182367,,False,not_matching_relevant_public_authorization,2026-04-25 05:35:10.713253
2025-04-21 21:03:49+00:00,2025-04-24 07:14:38+00:00,3d4b30fc9f7e6e1a3266adcf23355a62,fishing,"[123.824973, 31.441757, 124.338853, 31.640353]",,,,,31.4808,124.1038,[],['8486'],"['PICES', 'WCPFC', 'ACAP', 'IWC']",['61'],['61'],[],[],[],[],122.0,175.0,99.636773,151.088141,e88ca2505-5309-df89-7122-4cc540d496b9,ZHEDAIYU12873,412427115,CHN,fishing,"[{'has_publicly_listed_authorization': 'false', 'rfmo': 'WCPFC'}]",,277.94168056007607,2.7274316939890726,,False,not_matching_relevant_public_authorization,2026-04-25 05:35:10.713253
2025-04-21 21:05:36+00:00,2025-04-24 02:30:54+00:00,09eef4334e4a0d44f77ca872edcf9214,fishing,"[123.784048, 31.454523000000002, 124.102443, 31.608273]",,,,,31.5332,123.9319,[],['8486'],"['WCPFC', 'ACAP', 'PICES', 'IWC']",['61'],['61'],[],[],[],[],119.0,154.0,96.368875,130.978133,9e0e537b8-8d59-1dbd-dca6-430222f27906,ZHESHENGYU05862,412415125,CHN,fishing,"[{'has_publicly_listed_authorization': 'false', 'rfmo': 'WCPFC'}]",,231.97849642479852,2.5582278481012644,,False,not_matching_relevant_public_authorization,2026-04-25 05:35:10.713253
2025-04-21 21:11:30+00:00,2025-04-24 00:42:18+00:00,befc974abcef7b63d073a2023410ba10,fishing,"[123.972947, 31.44343, 124.341268, 31.574967]",,,,,31.491,124.1339,[],['8486'],"['PICES', 'IWC', 'WCPFC', 'ACAP']",['61'],['61'],[],[],[],[],134.0,171.0,110.250648,146.081703,923e1c698-8d54-2f8a-2bac-cac6143e2ddc,ZHESHENGYU06188,412429529,CHN,fishing,"[{'has_publicly_listed_authorization': 'false', 'rfmo': 'WCPFC'}]",,259.8517946952134,2.7322905027932967,,False,not_matching_relevant_public_authorization,2026-04-25 05:35:10.713253
2025-04-21 21:13:31+00:00,2025-04-24 02:57:32+00:00,44364023acb399ab690b006e3c9a4211,fishing,"[122.584275, 34.635892, 122.9206, 35.081493]",,,,,34.7647,122.7404,[],"['8486', '8327']","['WCPFC', 'ACAP', 'IWC', 'PICES']",['61'],['61'],[],[],[],[],209.0,195.0,190.006859,191.22378099999997,17252d35e-ed5b-c817-2a2d-2002d72ca2ae,LURONGYU56168,412327965,CHN,fishing,"[{'has_publicly_listed_authorization': 'false', 'rfmo': 'WCPFC'}]",,345.35477681975533,3.789230769230767,,False,not_matching_relevant_public_authorization,2026-04-25 05:35:10.713253
2025-04-21 21:14:12+00:00,2025-04-24 23:56:08+00:00,2c45d789c42a922a610664934598c6b1,fishing,"[123.802685, 31.443642, 124.195833, 31.643046666666667]",,,,,31.5178,123.9904,[],['8486'],"['IWC', 'PICES', 'ACAP', 'WCPFC']",['61'],['61'],[],[],[],[],120.0,164.0,97.826656,141.010156,5f9570098-8a79-713f-036a-605ef4ca22a6,ZHESHENGYU06387,900306387,,fishing,"[{'has_publicly_listed_authorization': 'false', 'rfmo': 'WCPFC'}]",,393.19442694634347,2.9097069609842037,,False,not_matching_relevant_public_authorization,2026-04-25 05:35:10.713253
2025-04-21 21:14:34+00:00,2025-04-24 23:58:46+00:00,7bb941500a8774d9d5af9aba808a3e2b,fishing,"[100.515233, 12.833655, 100.719022, 13.118717]",,,,,13.0274,100.6046,[],['8332'],"['IWC', 'SEAFDEC', 'APFIC', 'ACAP', 'WCPFC']",['71'],['71'],[],[],[],[],17.0,9.0,37.593219,2.434649,6a50ff650-0698-afae-9d34-5c7600cbcf0a,SH909268,567909268,THA,fishing,"[{'has_publicly_listed_authorization': 'false', 'rfmo': 'WCPFC'}]",,264.5338084633438,1.9569070373588193,,False,not_matching_relevant_public_authorization,2026-04-25 05:35:10.713253
2025-04-21 21:15:53+00:00,2025-04-24 23:52:14+00:00,8a56437abf4732ba79bcbd54882623ff,fishing,"[42.51315666666667, 74.27935666666667, 43.17628333333333, 74.58485166666667]",,,,,74.4135,42.8483,[],['5690'],"['NAMMCO', 'ICES', 'IWC', 'NEAFC', 'NASCO', 'ACAP']","['27', '27.1', '27.1.b']",['27'],[],[],[],[],347.0,331.0,441.034125,448.232219,366345d3d-dd94-f745-938c-96dd237b1798,NORD WEST,273390940,RUS,fishing,"[{'has_publicly_listed_authorization': None, 'rfmo': None}]",,365.9745806969419,2.637584532689353,,False,publicly_authorized,2026-04-25 05:35:10.713253
2025-04-21 21:19:20+00:00,2025-04-24 23:59:29+00:00,95b9fd9f89788560abc8621092a57690,fishing,"[122.60761666666667, 34.48780333333333, 122.94276833333333, 35.13572]",,,,,34.7656,122.7758,[],"['8327', '8486']","['ACAP', 'WCPFC', 'PICES', 'IWC']",['61'],['61'],[],[],[],[],211.0,190.0,192.540734,186.118531,66c1d2b89-913f-e474-b0e8-70055e86694a,LURONGYU58307,412458307,CHN,fishing,"[{'has_publicly_listed_authorization': 'false', 'rfmo': 'WCPFC'}]",,515.873196311236,3.8229830994866587,,False,not_matching_relevant_public_authorization,2026-04-25 05:35:10.713253
2025-04-21 21:19:35+00:00,2025-04-24 21:36:27+00:00,c4ca47b90eaca7303d506aab6bc76d44,fishing,"[123.693708, 31.477512, 124.041948, 31.996942]",,,,,31.5988,123.8548,[],['8486'],"['IWC', 'ACAP', 'PICES', 'WCPFC']",['61'],['61'],[],[],[],[],115.0,179.0,89.53875,147.890906,fbf9223c8-8057-44a0-c4ca-18f7ab744bb6,ZHESHENGYU06185,412411091,CHN,fishing,"[{'has_publicly_listed_authorization': 'false', 'rfmo': 'WCPFC'}]",,372.6070138228095,2.860081743869214,,False,not_matching_relevant_public_authorization,2026-04-25 05:35:10.713253
2025-04-21 21:20:50+00:00,2025-04-24 18:09:42+00:00,4d871c298885d729ccd7c394f1de056c,fishing,"[-66.86241, 41.86736333333333, -66.43261833333334, 42.069966666666666]",,,,,41.9892,-66.761,[],['8493'],"['NASCO', 'ACAP', 'NAFO', 'ICCAT', 'IWC', 'NAMMCO']","['21.5', '21.5.Z.e', '21.5.Z', '21.5.Z.c', '21']",['21'],[],[],[],[],183.0,151.0,201.067875,165.427234,3f4830ba3-30e9-e93b-60bd-89608d927898,FORTUNE LADY,316012580,CAN,fishing,"[{'has_publicly_listed_authorization': 'false', 'rfmo': 'ICCAT'}]",,420.94244731012515,4.452295401258146,,False,not_matching_relevant_public_authorization,2026-04-25 05:35:10.713253
2025-04-21 21:21:41+00:00,2025-04-24 06:31:08+00:00,953abf7dc508ba3a38db8370d248ff10,fishing,"[123.77179, 31.46067, 124.055427, 31.604833]",,,,,31.5315,123.9123,[],['8486'],"['WCPFC', 'PICES', 'ACAP', 'IWC']",['61'],['61'],[],[],[],[],119.0,151.0,95.83417999999999,127.047289,182ffce29-9b72-9900-77e7-c3766cb73680,ZHE PU YU 62278,412422813,CHN,fishing,"[{'has_publicly_listed_authorization': 'false', 'rfmo': 'WCPFC'}]",,251.6558965837169,2.608402366863905,,False,not_matching_relevant_public_authorization,2026-04-25 05:35:10.713253
2025-04-21 21:22:04+00:00,2025-04-24 18:52:36+00:00,9296d4ee2165b8b584fd986ca0027c72,fishing,"[123.742982, 31.460748, 124.183285, 31.603125]",,,,,31.5497,123.9321,[],['8486'],"['PICES', 'IWC', 'ACAP', 'WCPFC']",['61'],['61'],[],[],[],[],117.0,160.0,93.15543799999999,136.921609,9961f7969-9976-452f-b053-be9bd05690e0,ZHESHENGYU06195,412427952,CHN,fishing,"[{'has_publicly_listed_authorization': 'false', 'rfmo': 'WCPFC'}]",,360.9679565521325,3.0628037383177555,,False,not_matching_relevant_public_authorization,2026-04-25 05:35:10.713253
2025-04-21 21:23:34+00:00,2025-04-26 00:38:22+00:00,f379c0f865220a08eed9429c73da4bc9,fishing,"[-6.539398333333334, 59.284661666666665, -4.282133333333333, 60.16888]",,,,,59.7738,-5.3939,[],['5696'],"['NEAFC', 'ACAP', 'ICCAT', 'NASCO', 'ICES', 'IWC', 'NAMMCO']","['27.6', '27', '27.6.a']",['27'],[],[],[],[],43.0,115.0,119.29280499999999,20.375639,ceb46835d-dc64-1c9b-65ad-85c69737512e,SPARKLING STAR UL290,232040790,GBR,fishing,"[{'has_publicly_listed_authorization': 'false', 'rfmo': 'ICCAT'}]",,394.85305297586484,2.830448715064006,,False,not_matching_relevant_public_authorization,2026-04-25 05:35:10.713253
2025-04-21 21:23:47+00:00,2025-04-24 05:42:40+00:00,375d865fe30d9edb08207acd3ef3368a,fishing,"[124.025637, 31.410788, 124.41786, 31.68243]",,,,,31.5424,124.2099,[],['8486'],"['WCPFC', 'IWC', 'ACAP', 'PICES']",['61'],['61'],[],[],[],[],137.0,184.0,112.13428900000001,159.72473399999998,47d03713d-d209-dbe2-7c1f-daa6119e7790,ZHEPUYU68058,412421505,CHN,fishing,"[{'has_publicly_listed_authorization': 'false', 'rfmo': 'WCPFC'}]",,238.36213925505555,2.5424019607843142,,False,not_matching_relevant_public_authorization,2026-04-25 05:35:10.713253
2025-04-21 21:26:24+00:00,2025-04-24 23:59:02+00:00,c745c430ebf8ef9480af10a457c7b50f,fishing,"[-17.23439166666668, 20.128715, -17.407635, 20.33551]",,,,,20.233,-17.3071,[],['8369'],"['ICCAT', 'NAMMCO', 'ACAP', 'SRFC', 'IWC']","['34', '34.1.32', '34.1.3', '34.1']",['34'],[],[],[],[],72.0,60.0,69.495039,59.332777,7fcb2486c-c9ca-4d2f-8b07-1d6783f500ab,YUAN YU880,412549247,CHN,fishing,"[{'has_publicly_listed_authorization': 'false', 'rfmo': 'ICCAT'}]",,481.22910705948277,3.486906061418517,,False,not_matching_relevant_public_authorization,2026-04-25 05:35:10.713253
2025-04-21 21:27:51+00:00,2025-04-24 23:58:18+00:00,bdfb107435fdc3721fe9cadaa75ea24e,fishing,"[125.62686666666667, 32.23252, 126.177315, 32.61275]",,,,,32.3867,126.0115,[],['8327'],"['ACAP', 'IWC', 'WCPFC', 'PICES']",['61'],['61'],[],[],[],[],120.0,63.0,123.444977,67.036203,15e599172-2127-3262-b0ea-04522ef05fbb,22 DAE YANG HO,440185330,KOR,fishing,"[{'has_publicly_listed_authorization': 'false', 'rfmo': 'WCPFC'}]",,570.8889595058115,4.1484794246835754,,False,not_matching_relevant_public_authorization,2026-04-25 05:35:10.713253
2025-04-21 21:28:43+00:00,2025-04-24 00:39:41+00:00,2c116e8d4d184943a81ec9e861a87a8c,fishing,"[123.943418, 31.464532, 124.337403, 31.584523]",,,,,31.5425,124.1162,[],['8486'],"['WCPFC', 'IWC', 'PICES', 'ACAP']",['61'],['61'],[],[],[],[],132.0,172.0,109.850875,146.782094,7617030c3-3e3e-2431-bb0f-199378a5945d,ZHESHENGYU06806,900306806,,fishing,"[{'has_publicly_listed_authorization': 'false', 'rfmo': 'WCPFC'}]",,244.73129861597425,2.6535545023696687,,False,not_matching_relevant_public_authorization,2026-04-25 05:35:10.713253
2025-04-21 21:31:17+00:00,2025-04-24 23:10:32+00:00,7c1996dab8c628117a40b6b20e372e79,fishing,"[123.839743, 31.460362, 124.330505, 31.596598]",,,,,31.5122,124.0479,[],['8486'],"['ACAP', 'IWC', 'WCPFC', 'PICES']",['61'],['61'],[],[],[],[],125.0,172.0,102.120609,147.472422,934ae3277-7f6a-39b9-fabc-0d2c13422983,ZHEDAIYU03355,412410681,CHN,fishing,"[{'has_publicly_listed_authorization': 'false', 'rfmo': 'WCPFC'}]",,389.6164608836321,3.0570815450643765,,False,not_matching_relevant_public_authorization,2026-04-25 05:35:10.713253
2025-04-21 21:31:55+00:00,2025-04-24 02:18:11+00:00,92102325e53cafaa1ea093b6379f245f,fishing,"[114.34665, 21.853217, 114.62796, 22.106707]",,,,,21.9433,114.4513,[],['8486'],"['ACAP', 'WCPFC', 'IWC', 'APFIC']",['61'],['61'],['8486'],[],[],[],22.0,33.0,22.516342,16.633383000000002,b40cd5b77-735f-b3e5-476c-6a9b2d160be6,SHENNAN3023,412530337,CHN,fishing,"[{'has_publicly_listed_authorization': 'false', 'rfmo': 'WCPFC'}]",,197.29769815808916,2.7466265865063493,,False,not_matching_relevant_public_authorization,2026-04-25 05:35:10.713253
2025-04-21 21:33:16+00:00,2025-04-24 21:51:58+00:00,c5adf6b7960a1b5d7191983f479e4f23,fishing,"[123.806207, 31.510145, 124.116895, 31.584393]",,,,,31.5461,123.9431,[],['8486'],"['IWC', 'WCPFC', 'ACAP', 'PICES']",['61'],['61'],[],[],[],[],126.0,154.0,101.33719500000001,131.31170300000002,2b00fd770-0f5e-1edb-5b5e-cbca965f32fa,ZHESHENGYU07688,100921576,,fishing,"[{'has_publicly_listed_authorization': 'false', 'rfmo': 'WCPFC'}]",,317.82422166846504,2.582409638554217,,False,not_matching_relevant_public_authorization,2026-04-25 05:35:10.713253
2025-04-21 21:35:05+00:00,2025-04-24 23:56:42+00:00,da25c0e427cdbb6eec6d253f290d9b7d,fishing,"[5.06577333333334, 58.12963833333333, 3.4283333333333417, 59.692905]",,,,,59.2303,3.7785,[],['5686'],"['IWC', 'NASCO', 'ICCAT', 'ACAP', 'NEAFC', 'ICES', 'NAMMCO']","['27', '27.4', '27.4.a']",['27'],[],[],[],[],57.0,91.0,46.926061999999995,79.370438,8f83c3218-8695-5f15-4c58-0d225d8b08f0,MONSUN,258025150,NOR,fishing,"[{'has_publicly_listed_authorization': 'false', 'rfmo': 'ICCAT'}]",,391.29626931133225,2.8343794554280666,,False,not_matching_relevant_public_authorization,2026-04-25 05:35:10.713253
2025-04-21 21:39:53+00:00,2025-04-24 12:52:13+00:00,ab424c277849d6afe2daddecc21c2213,fishing,"[124.078155, 31.579125, 124.468683, 31.716987]",,,,,31.6725,124.2346,[],['8486'],"['WCPFC', 'PICES', 'ACAP', 'IWC']",['61'],['61'],[],[],[],[],151.0,190.0,128.011258,166.210719,fa790ed0b-bf63-e6af-48a6-7f172112464d,ZHEPUYU68720,412422981,CHN,fishing,"[{'has_publicly_listed_authorization': 'false', 'rfmo': 'WCPFC'}]",,271.66645294659514,2.565063649222062,,False,not_matching_relevant_public_authorization,2026-04-25 05:35:10.713253
2025-04-21 21:41:44+00:00,2025-04-24 08:03:50+00:00,6aa65bfbada5559266b1bdcd55c6624b,fishing,"[114.053572, 21.707252, 114.399825, 21.9049]",,,,,21.844,114.2589,[],['8486'],"['WCPFC', 'APFIC', 'ACAP', 'IWC']",['61'],['61'],['8486'],[],[],[],16.0,20.0,26.31409,15.347411,0e93ba1a3-3e22-a8e9-999f-e51d9e72055d,ZHU XIANG 2596,412482155,CHN,fishing,"[{'has_publicly_listed_authorization': 'false', 'rfmo': 'WCPFC'}]",,253.37553064008097,2.88816018572258,,False,not_matching_relevant_public_authorization,2026-04-25 05:35:10.713253
2025-04-21 21:42:09+00:00,2025-04-24 06:58:15+00:00,a81d3045b1198df44df5fa1915a112a0,fishing,"[124.069865, 31.537482, 124.452602, 31.718973]",,,,,31.6638,124.2243,[],['8486'],"['PICES', 'ACAP', 'IWC', 'WCPFC']",['61'],['61'],[],[],[],[],148.0,189.0,124.81734399999999,164.779594,185503b4c-cdd1-dbf0-0fba-8344025bc523,ZHEPUYU68665,412422978,CHN,fishing,"[{'has_publicly_listed_authorization': 'false', 'rfmo': 'WCPFC'}]",,259.67646665085994,2.6026890756302548,,False,not_matching_relevant_public_authorization,2026-04-25 05:35:10.713253
2025-04-21 21:45:37+00:00,2025-04-24 00:33:08+00:00,fef18cf08663ee3bbb7fa9e62af73ba1,fishing,"[123.54992, 31.534485, 124.295875, 32.302055]",,,,,31.8448,123.9645,[],['8486'],"['ACAP', 'WCPFC', 'IWC', 'PICES']",['61'],['61'],[],[],[],[],109.0,206.0,80.048992,188.085625,adce7179a-a098-01ce-c557-1778bf9cb336,ZHEDAIYU11586,412426677,CHN,fishing,"[{'has_publicly_listed_authorization': 'false', 'rfmo': 'WCPFC'}]",,265.7933408150665,2.987640449438204,,False,not_matching_relevant_public_authorization,2026-04-25 05:35:10.713253
2025-04-21 21:46:22+00:00,2025-04-24 23:51:32+00:00,cf99e0b456f2cc121235b00ecbf8f5dc,fishing,"[113.911485, 21.692313, 114.403228, 21.9087]",,,,,21.8427,114.2587,[],['8486'],"['IWC', 'APFIC', 'WCPFC', 'ACAP']",['61'],['61'],['8486'],[],[],[],20.0,19.0,27.982813999999998,14.304908,4067f38a1-137a-4c2a-2876-2380545e8e52,1,600941448,,fishing,"[{'has_publicly_listed_authorization': 'false', 'rfmo': 'WCPFC'}]",,272.9320110188645,2.8881274900398433,,False,not_matching_relevant_public_authorization,2026-04-25 05:35:10.713253
2025-04-21 21:49:47+00:00,2025-04-24 07:02:14+00:00,5cdddb1961feb9bd758ade22f543451b,fishing,"[124.065197, 31.535972, 124.446735, 31.728888]",,,,,31.646,124.2352,[],['8486'],"['PICES', 'ACAP', 'WCPFC', 'IWC']",['61'],['61'],[],[],[],[],148.0,189.0,124.81734399999999,165.512109,fb1cd83bc-c942-ca66-42e7-d8e441aed9f1,ZHE FENG YU 27058,412438233,CHN,fishing,"[{'has_publicly_listed_authorization': 'false', 'rfmo': 'WCPFC'}]",,293.36440942389896,3.3393895348837193,,False,not_matching_relevant_public_authorization,2026-04-25 05:35:10.713253
2025-04-21 21:54:50+00:00,2025-04-24 23:58:49+00:00,42d782d5f6f59fa2d7334dbd4c26682b,fishing,"[124.143363, 31.296145, 124.900187, 31.562225]",,,,,31.4171,124.6063,[],['8486'],"['WCPFC', 'ACAP', 'PICES', 'IWC']",['61'],['61'],[],[],[],[],140.0,217.0,113.03639100000001,189.857406,a1ea2cbc3-32bf-ecf2-bb2d-b6295baf7b2b,ZHEXIANGYU32076,412436285,CHN,fishing,"[{'has_publicly_listed_authorization': 'false', 'rfmo': 'WCPFC'}]",,403.93541924519786,2.9875424688561756,,False,not_matching_relevant_public_authorization,2026-04-25 05:35:10.713253
2025-04-21 21:56:06+00:00,2025-04-24 14:51:10+00:00,b0a921353649a1c16be9ce3318b65a99,fishing,"[124.106697, 31.39943, 124.654757, 31.531863]",,,,,31.4755,124.3188,[],['8486'],"['ACAP', 'PICES', 'WCPFC', 'IWC']",['61'],['61'],[],[],[],[],143.0,195.0,117.241742,167.623875,e5a762349-908d-aa4c-040a-1f7aa2e2f3d1,ZHEPUYU68885,412423023,CHN,fishing,"[{'has_publicly_listed_authorization': 'false', 'rfmo': 'WCPFC'}]",,266.56581560652126,2.3724687144482375,,False,not_matching_relevant_public_authorization,2026-04-25 05:35:10.713253
2025-04-21 21:58:38+00:00,2025-04-24 23:59:37+00:00,deb47d22366a24530d95f4787c794af5,fishing,"[8.139328333333339, 54.389493333333334, 7.811076666666679, 54.84558166666667]",,,,,54.6337,7.964,"['555557145', '32669', '555638666', '555517766', '555557146', '555537240', '478638', '555537239', '555517780', '555751554', '555537266', '555770420', '555557194', '67963']",['5669'],"['ICCAT', 'ICES', 'NAMMCO', 'NEAFC', 'NASCO', 'ACAP', 'IWC']","['27.4.b', '27', '27.4']",['27'],['5669'],[],[],[],20.0,30.0,26.725139,32.349246,f6643f7f1-12b0-cadf-c1b4-181687fb19f7,UK121 SOLA GRATIA,245235000,NLD,fishing,"[{'has_publicly_listed_authorization': 'false', 'rfmo': 'ICCAT'}]",,363.9093724605858,2.6541353395262717,,False,not_matching_relevant_public_authorization,2026-04-25 05:35:10.713253
2025-04-21 21:59:03+00:00,2025-04-24 06:23:59+00:00,653e5f6c880ca0ac2dd660702dfa59d0,fishing,"[124.060242, 31.425315, 124.467977, 31.51125]",,,,,31.4792,124.2483,[],['8486'],"['PICES', 'ACAP', 'WCPFC', 'IWC']",['61'],['61'],[],[],[],[],140.0,179.0,115.740531,152.044094,3329928a8-8f3d-bb6c-82e6-c0b5f9ee8aaf,ZHEPUYU62281,412410327,CHN,fishing,"[{'has_publicly_listed_authorization': 'false', 'rfmo': 'WCPFC'}]",,272.4680877220496,2.857440890125173,,False,not_matching_relevant_public_authorization,2026-04-25 05:35:10.713253
2025-04-21 22:01:08+00:00,2025-04-24 15:18:03+00:00,1e178b18eb0b96bc7b2f9f2d501f0b2f,fishing,"[124.169078, 31.338945, 124.70562, 31.544963]",,,,,31.4031,124.4871,[],['8486'],"['IWC', 'WCPFC', 'PICES', 'ACAP']",['61'],['61'],[],[],[],[],145.0,201.0,117.874891,173.075375,11009d0ab-b13d-84c2-ba2b-222748831816,ZHEXIANGYU32080,412411801,CHN,fishing,"[{'has_publicly_listed_authorization': 'false', 'rfmo': 'WCPFC'}]",,383.8476715007371,3.336251402918073,,False,not_matching_relevant_public_authorization,2026-04-25 05:35:10.713253
2025-04-21 22:02:06+00:00,2025-04-24 14:40:20+00:00,6cf14e76e3f56437b9591e6a6296b673,fishing,"[124.0572, 31.38592, 124.59056, 31.537025]",,,,,31.4799,124.2472,[],['8486'],"['PICES', 'WCPFC', 'ACAP', 'IWC']",['61'],['61'],[],[],[],[],138.0,191.0,112.855328,163.384484,a33dcb053-33ff-3cb7-f4ac-37653cdf7f16,ZHE PU YU 68857,412421933,CHN,fishing,"[{'has_publicly_listed_authorization': 'false', 'rfmo': 'WCPFC'}]",,298.9348703095352,2.7003562952588647,,False,not_matching_relevant_public_authorization,2026-04-25 05:35:10.713253
2025-04-21 22:02:36+00:00,2025-04-24 00:11:03+00:00,e036a14cc0dd19f7ee1447d8c2d459f7,fishing,"[124.060778, 31.415123, 124.360227, 31.532602]",,,,,31.4784,124.2081,[],['8486'],"['PICES', 'IWC', 'WCPFC', 'ACAP']",['61'],['61'],[],[],[],[],140.0,171.0,115.009898,144.840969,142e9c425-596b-be99-ee4c-becaf831021d,ZHEPUYU68516,412423978,CHN,fishing,"[{'has_publicly_listed_authorization': 'false', 'rfmo': 'WCPFC'}]",,211.63223353906542,2.465168539325842,,False,not_matching_relevant_public_authorization,2026-04-25 05:35:10.713253
2025-04-21 22:06:09+00:00,2025-04-24 01:25:52+00:00,f1de9605a17ce37c9e5522fe45f47f76,fishing,"[106.997787, 9.690102, 107.305567, 9.811867]",,,,,9.7763,107.2219,[],['8484'],"['WCPFC', 'ACAP', 'APFIC', 'SEAFDEC', 'IWC']",['71'],['71'],[],[],[],[],40.0,62.0,60.085199,54.133504,78f08ca9f-f955-5b11-8589-09290aca1d16,DUC TIEN C18,685012822,,fishing,"[{'has_publicly_listed_authorization': 'false', 'rfmo': 'WCPFC'}]",,151.98429228686257,1.5130769203717893,,False,not_matching_relevant_public_authorization,2026-04-25 05:35:10.713253
2025-04-21 22:07:50+00:00,2025-04-24 14:59:33+00:00,f7f1e8f5ae65064dd8be631d52a714b6,fishing,"[124.120207, 31.393933, 124.665423, 31.640002]",,,,,31.505,124.3137,[],['8486'],"['PICES', 'ACAP', 'IWC', 'WCPFC']",['61'],['61'],[],[],[],[],143.0,202.0,117.301422,175.83771900000002,df595459f-f5e0-641c-5d5f-273ceb6f3adf,ZHEPUYU68078,412423128,CHN,fishing,"[{'has_publicly_listed_authorization': 'false', 'rfmo': 'WCPFC'}]",,318.0261010351197,2.7055147058823525,,False,not_matching_relevant_public_authorization,2026-04-25 05:35:10.713253
2025-04-21 22:10:00+00:00,2025-04-24 17:20:00+00:00,302486344bfa0af8103b8c69485d6b05,fishing,"[112.953203, 21.788198, 113.108475, 21.926198]",,,,,21.8755,113.0781,[],['8486'],"['IWC', 'ACAP', 'APFIC', 'WCPFC']",['61'],['61'],[],[],[],[],7.0,2.0,6.06919,3.335848,607418d31-152d-b354-47ee-9e1d9f23309c,YUEJIANGCHENGYU92088,412477778,CHN,fishing,"[{'has_publicly_listed_authorization': 'false', 'rfmo': 'WCPFC'}]",,227.86998401182703,2.40495963091119,,False,not_matching_relevant_public_authorization,2026-04-25 05:35:10.713253
2025-04-21 22:12:30+00:00,2025-04-24 23:54:06+00:00,08ffc43149c7523c4e1330f4413c1fc3,fishing,"[122.26217, 29.947938, 122.264075, 29.950355]",,,,,29.9499,122.2632,[],['8486'],"['WCPFC', 'APFIC', 'NACA']",['61'],['61'],[],[],[],[],1.0,1.0,0.0,0.0,5426e3254-40e0-75f7-fe6a-e634642a5b81,ZHEPUYU21058,412423552,CHN,fishing,"[{'has_publicly_listed_authorization': 'false', 'rfmo': 'WCPFC'}]",,7.467062045054941,0.17471819645732703,,False,not_matching_relevant_public_authorization,2026-04-25 05:35:10.713253
2025-04-21 22:13:04+00:00,2025-04-24 23:58:38+00:00,e30a5ae2b3f75c205178dd69265a3b05,fishing,"[112.001128, 21.569837, 112.201685, 21.739607]",,,,,21.6747,112.1216,[],['8486'],"['IWC', 'WCPFC', 'ACAP', 'APFIC']",['61'],['61'],[],[],[],[],6.0,0.0,5.5597460000000005,1.032861,8b2f95bfc-cb71-8012-d469-72265bc89976,YUEJIANGCHENGYU90665,412475448,CHN,fishing,"[{'has_publicly_listed_authorization': 'false', 'rfmo': 'WCPFC'}]",,442.4228998682615,3.334433962264153,,False,not_matching_relevant_public_authorization,2026-04-25 05:35:10.713253
2025-04-21 22:13:55+00:00,2025-04-24 12:08:54+00:00,e17ea9ba4a6962e5345acb2814ebac77,fishing,"[108.81125, 10.259555, 108.923185, 10.45878]",,,,,10.3512,108.8582,[],['8484'],"['SEAFDEC', 'APFIC', 'IWC', 'WCPFC', 'ACAP']",['71'],['71'],[],[],[],[],30.0,6.0,182.455141,160.975922,b8a49763b-be8d-6b29-276e-9bc350ba419a,07 TU D10,574023121,VNM,fishing,"[{'has_publicly_listed_authorization': 'false', 'rfmo': 'WCPFC'}]",,183.26410990235755,2.4788043478260873,,False,not_matching_relevant_public_authorization,2026-04-25 05:35:10.713253
2025-04-21 22:15:58+00:00,2025-04-24 23:50:46+00:00,728b2c0105dcf8d5dfd856ce2176fc65,fishing,"[124.197898, 31.260128, 124.888487, 31.565215]",,,,,31.4077,124.567,[],['8486'],"['PICES', 'WCPFC', 'IWC', 'ACAP']",['61'],['61'],[],[],[],[],144.0,217.0,115.580086,189.554469,ada176abc-c884-cdcd-c993-e8a2f7aa14aa,ZHEXIANGYU13053,412417236,CHN,fishing,"[{'has_publicly_listed_authorization': 'false', 'rfmo': 'WCPFC'}]",,457.61213458561275,3.5279069767441884,,False,not_matching_relevant_public_authorization,2026-04-25 05:35:10.713253
2025-04-21 22:20:30+00:00,2025-04-24 05:40:15+00:00,ec908b1bbc0e244e7acf19548d3e1028,fishing,"[124.077457, 31.43222, 124.480093, 31.549763]",,,,,31.4932,124.224,[],['8486'],"['WCPFC', 'PICES', 'IWC', 'ACAP']",['61'],['61'],[],[],[],[],142.0,182.0,117.173258,155.345141,354fee3ce-ecd0-cbf0-4eaf-0990c27d6b27,ZHEPUYU64228,412423711,CHN,fishing,"[{'has_publicly_listed_authorization': 'false', 'rfmo': 'WCPFC'}]",,245.2332321188283,2.794078947368421,,False,not_matching_relevant_public_authorization,2026-04-25 05:35:10.713253
2025-04-21 22:20:44+00:00,2025-04-24 23:48:25+00:00,306830d7e7158194e49a213b87c7bc0b,fishing,"[2.831716666666667, 53.798901666666666, 3.2197733333333334, 54.061835]",,,,,53.9173,3.0245,"['555537004', '555590815', '555557049']","['5668', '5696']","['NEAFC', 'IWC', 'ICES', 'ACAP', 'NASCO', 'NAMMCO', 'ICCAT']","['27', '27.4.b', '27.4']",['27'],[],[],[],[],138.0,142.0,74.66798399999999,106.16614100000001,e54ffc492-2906-0762-9307-299cebb4209c,WR189 GRIETJE,245053000,NLD,fishing,"[{'has_publicly_listed_authorization': 'false', 'rfmo': 'ICCAT'}]",,390.1462416096882,2.8870370419075084,,False,not_matching_relevant_public_authorization,2026-04-25 05:35:10.713253
2025-04-21 22:21:16+00:00,2025-04-24 23:59:07+00:00,127cd758cd0487993ce8fa08464dc66c,fishing,"[119.65385, 35.018833, 120.436118, 35.351153]",,,,,35.2259,119.8639,[],['8486'],"['PICES', 'IWC', 'ACAP', 'WCPFC']",['61'],['61'],['8486'],[],[],[],28.0,51.0,3.8082599999999998,45.750113,893797811-1228-9e81-2b82-05dd38c59b0a,LULANYU61165,412336692,CHN,fishing,"[{'has_publicly_listed_authorization': 'false', 'rfmo': 'WCPFC'}]",,473.3115185475072,3.662402088772847,,False,not_matching_relevant_public_authorization,2026-04-25 05:35:10.713253
2025-04-21 22:22:40+00:00,2025-04-24 15:21:29+00:00,ba6bf3db1c02203448f29bcc05c3e65b,fishing,"[124.19282, 31.320657, 124.726847, 31.514747]",,,,,31.3904,124.4841,[],['8486'],"['WCPFC', 'IWC', 'PICES', 'ACAP']",['61'],['61'],[],[],[],[],146.0,201.0,118.231641,173.057,00b909fac-c66b-76f6-c6f6-c7960d527548,ZHEXIANGYU44025,412435276,CHN,fishing,"[{'has_publicly_listed_authorization': 'false', 'rfmo': 'WCPFC'}]",,346.9580020448516,3.2998795180722897,,False,not_matching_relevant_public_authorization,2026-04-25 05:35:10.713253
2025-04-21 22:24:03+00:00,2025-04-24 23:59:44+00:00,ab36c7fcec89b2ca72c891a16e18f889,fishing,"[-17.399346666666666, 20.08685, -17.239498333333334, 20.373113333333333]",,,,,20.2324,-17.2981,[],['8369'],"['NAMMCO', 'ICCAT', 'ACAP', 'SRFC', 'IWC']","['34.1.32', '34.1.3', '34', '34.1']",['34'],[],[],[],[],84.0,49.0,80.989977,45.696188,0d9dda00f-f4ee-b5de-2930-f8cfba31f063,YUAN YU882,412549249,CHN,fishing,"[{'has_publicly_listed_authorization': 'false', 'rfmo': 'ICCAT'}]",,460.35624035792745,3.3747682359155147,,False,not_matching_relevant_public_authorization,2026-04-25 05:35:10.713253
2025-04-21 22:24:18+00:00,2025-04-24 23:59:18+00:00,21f278e31c58e8f3f73347b3734989a6,fishing,"[122.658787, 34.617537, 122.983052, 35.107357]",,,,,34.8079,122.8421,[],"['8327', '8486']","['IWC', 'WCPFC', 'PICES', 'ACAP']",['61'],['61'],[],[],[],[],216.0,194.0,197.103297,190.207219,6bf73d7c1-17ce-854a-f89c-fd829582237d,56053,412330649,CHN,fishing,"[{'has_publicly_listed_authorization': 'false', 'rfmo': 'WCPFC'}]",,490.56124354794565,3.945817726738894,,False,not_matching_relevant_public_authorization,2026-04-25 05:35:10.713253
2025-04-21 22:27:20+00:00,2025-04-24 23:44:24+00:00,a61ed97921f8f7b9fbb15c981190014d,fishing,"[123.819677, 31.46693, 124.223122, 31.582377]",,,,,31.5229,124.0117,[],['8486'],"['IWC', 'PICES', 'WCPFC', 'ACAP']",['61'],['61'],[],[],[],[],124.0,162.0,100.67786699999999,138.165406,be2a3a066-6efc-81d7-f0d5-588c1bde0c60,ZHEDAIYU06839,412412175,CHN,fishing,"[{'has_publicly_listed_authorization': 'false', 'rfmo': 'WCPFC'}]",,372.8467107245216,2.9670828603859247,,False,not_matching_relevant_public_authorization,2026-04-25 05:35:10.713253
2025-04-21 22:27:45+00:00,2025-04-24 23:48:55+00:00,81b219a7e3070e0b644a5dc266148a55,fishing,"[0.8110883333333333, 50.712435, 0.8670816666666666, 50.74386833333333]",,,,,50.7322,0.8373,['555691635'],['5696'],"['IWC', 'NASCO', 'NEAFC', 'NAMMCO', 'ICES', 'ACAP', 'ICCAT']","['27', '27.7', '27.7.d']",['27'],['5696'],[],[],[],21.0,20.0,25.81485,23.542143,7909fc21a-af58-063a-8554-5a86901b22cb,ETERNAL PROMISE FR36,232052737,GBR,fishing,"[{'has_publicly_listed_authorization': 'false', 'rfmo': 'ICCAT'}]",,268.63570974953797,2.0038097588324812,,False,not_matching_relevant_public_authorization,2026-04-25 05:35:10.713253
2025-04-21 22:28:32+00:00,2025-04-24 05:27:52+00:00,b320e41d44e35c4fb63badfc7709233a,fishing,"[124.085548, 31.419255, 124.495785, 31.509708]",,,,,31.4775,124.2756,[],['8486'],"['WCPFC', 'IWC', 'PICES', 'ACAP']",['61'],['61'],[],[],[],[],142.0,182.0,117.17764100000001,154.412188,051f5534b-be4a-a653-6ea5-3b398971c708,ZHEPUYU42798,412439637,CHN,fishing,"[{'has_publicly_listed_authorization': 'false', 'rfmo': 'WCPFC'}]",,264.03077422077087,2.9592213114754116,,False,not_matching_relevant_public_authorization,2026-04-25 05:35:10.713253
2025-04-21 22:29:48+00:00,2025-04-24 03:15:19+00:00,07b8f26cb6ebde5df07a31446eadee7d,fishing,"[43.466566666666665, 69.52941166666666, 44.14087166666667, 69.79115166666666]",,,,,69.672,43.7168,[],['5690'],"['NEAFC', 'NASCO', 'ICES', 'NAMMCO', 'ACAP', 'IWC']","['27.1.b', '27', '27.1']",['27'],[],[],[],[],95.0,127.0,359.151375,357.801438,eaed1b0f0-0009-12b6-2a06-44940fb528b1,PROEKT,273457870,RUS,fishing,"[{'has_publicly_listed_authorization': None, 'rfmo': None}]",,362.5151602862082,4.0823728527052925,,False,publicly_authorized,2026-04-25 05:35:10.713253
2025-04-21 22:35:29+00:00,2025-04-24 06:00:00+00:00,6f8c53e6892bcfbb7ac53d045449706a,fishing,"[124.05801, 31.559382, 124.45572, 31.716917]",,,,,31.6581,124.2238,[],['8486'],"['WCPFC', 'PICES', 'ACAP', 'IWC']",['61'],['61'],[],[],[],[],148.0,190.0,125.464688,165.49396900000002,0349f926f-fba8-0718-d5f2-9713e3f4a9d4,ZHEPUYU68609,412424195,CHN,fishing,"[{'has_publicly_listed_authorization': 'false', 'rfmo': 'WCPFC'}]",,278.17722051388677,2.8535469085182683,,False,not_matching_relevant_public_authorization,2026-04-25 05:35:10.713253
2025-04-21 22:41:05+00:00,2025-04-24 12:06:31+00:00,9c4c091c8d1254ab4eae9d1592ee6b84,fishing,"[18.598265, -35.554595, 18.981446666666667, -35.189056666666666]",,,,,-35.4021,18.7894,[],['8396'],"['IWC', 'ICCAT', 'CCSBT-Primary-Area', 'ACAP', 'CCSBT']","['47.1.6', '47', '47.1']",['47'],[],[],[],[],121.0,70.0,126.214477,74.358938,b281c72c9-965a-dc0c-4083-a7fefadf0681,UMLOBI,601985000,ZAF,fishing,"[{'has_publicly_listed_authorization': 'false', 'rfmo': 'CCSBT'}, {'has_publicly_listed_authorization': 'false', 'rfmo': 'ICCAT'}]",,405.75684105273587,3.6089491865169663,,False,not_matching_relevant_public_authorization,2026-04-25 05:35:10.713253
2025-04-21 22:48:06+00:00,2025-04-24 15:05:01+00:00,a769dd88279c5f95d7b94620dfc1e894,fishing,"[120.853417, 35.58415, 121.49825, 35.838517]",,,,,35.732,121.3071,[],['8486'],"['PICES', 'IWC', 'WCPFC', 'ACAP']",['61'],['61'],['8486'],[],[],[],35.0,56.0,17.047268,46.083926,6d003125d-de06-6d6c-9e09-0d2f78c72c82,LURONGYU55095,412328855,CHN,fishing,"[{'has_publicly_listed_authorization': 'false', 'rfmo': 'WCPFC'}]",,295.32247861362026,3.4269982238010646,,False,not_matching_relevant_public_authorization,2026-04-25 05:35:10.713253
2025-04-21 23:01:06+00:00,2025-04-24 06:08:32+00:00,3f9711cb3df240f61be267c173319089,fishing,"[122.205897, 36.523657, 122.383602, 36.605042]",,,,,36.5759,122.2604,[],['8486'],"['IWC', 'ACAP', 'PICES', 'WCPFC']",['61'],['61'],['8486'],[],[],[],27.0,20.0,28.965686,18.578152,039802f21-189e-17b9-43a6-83b23e81845e,LUSHOUYU60278,188860278,,fishing,"[{'has_publicly_listed_authorization': 'false', 'rfmo': 'WCPFC'}]",,244.74850929446723,2.94027397260274,,False,not_matching_relevant_public_authorization,2026-04-25 05:35:10.713253
2025-04-21 23:03:40+00:00,2025-04-24 06:02:18+00:00,588b3b5391af5e02328b0546463f7492,fishing,"[124.163662, 29.990728, 124.67616, 30.310375]",,,,,30.1207,124.4455,[],['8486'],"['APFIC', 'ACAP', 'IWC', 'WCPFC', 'PICES']",['61'],['61'],[],[],[],[],128.0,168.0,119.08174199999999,153.489984,7dfb193ed-dbf6-7533-ae86-7c84eb23c20a,ZHE PU YU 31326,412423732,CHN,fishing,"[{'has_publicly_listed_authorization': 'false', 'rfmo': 'WCPFC'}]",,261.4043467808454,2.5396797153024897,,False,not_matching_relevant_public_authorization,2026-04-25 05:35:10.713253
2025-04-21 23:09:41+00:00,2025-04-24 23:59:12+00:00,a3c2edbb294153a4bb27295fecbc32c7,fishing,"[-2.3228083333333416, 56.22611833333333, -2.440138333333323, 56.32524]",,,,,56.2653,-2.3706,['555787496'],['5696'],"['ICCAT', 'IWC', 'NEAFC', 'NASCO', 'ICES', 'NAMMCO', 'ACAP']","['27.4.b', '27.4', '27']",['27'],['5696'],[],[],[],15.0,11.0,23.516705,20.18057,a4da9fa3c-cee7-dea2-dedc-ba5fa896e7d0,GV  EVENING STAR,235006716,GBR,fishing,"[{'has_publicly_listed_authorization': 'false', 'rfmo': 'ICCAT'}]",,99.19335895304913,0.8168787550847502,,False,not_matching_relevant_public_authorization,2026-04-25 05:35:10.713253
2025-04-21 23:16:11+00:00,2025-04-24 04:00:09+00:00,5ca13424c1b9852fc905c8e5a2403f9f,fishing,"[-6.92313333333334, 34.81753333333333, -7.126941666666653, 35.020241666666664]",,,,,34.9654,-7.0394,[],['8367'],"['IWC', 'NAMMCO', 'ACAP', 'ICCAT']","['34.1', '34.1.11', '34', '34.1.1']",['34'],[],[],[],[],48.0,75.0,68.628742,97.3975,66eea4dc5-59fb-39e7-aae2-2b2181f8437a,PESCABONA 6,242049100,MAR,fishing,"[{'has_publicly_listed_authorization': 'false', 'rfmo': 'ICCAT'}]",,296.85663708000857,3.0760760751214478,,False,not_matching_relevant_public_authorization,2026-04-25 05:35:10.713253
2025-04-21 23:18:55+00:00,2025-04-24 04:17:12+00:00,75c56783537705155b01902c39acd592,fishing,"[6.021401666666662, 53.46854666666667, 5.667685000000006, 53.516508333333334]",,,,,53.4811,5.8105,"['555578895', '555721984', '555557101', '900752', '555514216', '555590821']",['5668'],"['NEAFC', 'NAMMCO', 'NASCO', 'ICES', 'ICCAT', 'IWC', 'ACAP']","['27', '27.4.c', '27.4', '27.4.b']",['27'],['5668'],[],[],[],1.0,6.0,5.1874970000000005,9.490974,459cb4e2f-f216-bc3a-d24a-538a4cd12453,WL20 PIETER KEES,245150000,NLD,fishing,"[{'has_publicly_listed_authorization': 'false', 'rfmo': 'ICCAT'}]",,288.5641920280056,2.9442897994853534,,False,not_matching_relevant_public_authorization,2026-04-25 05:35:10.713253
2025-04-21 23:19:43+00:00,2025-04-24 21:30:00+00:00,f60bee88c09c9ae3e0237fd8272ba3fc,fishing,"[121.425285, 28.685933, 121.427153, 28.688098]",,,,,28.6871,121.4263,[],['8486'],"['IWC', 'ACAP', 'WCPFC', 'NACA', 'APFIC']",['61'],['61'],[],[],[],[],0.0,0.0,0.0,0.0,bbe97326a-a10f-f153-d5fd-b97c6060578f,ZHEJIAOYU73057,412412404,CHN,fishing,"[{'has_publicly_listed_authorization': 'false', 'rfmo': 'WCPFC'}]",,9.291158627346299,0.25588235294117656,,False,not_matching_relevant_public_authorization,2026-04-25 05:35:10.713253
2025-04-21 23:19:47+00:00,2025-04-24 23:56:48+00:00,6b6c027c468abe2ccf43726c452c1313,fishing,"[0.47892, 57.89478166666667, 0.5497316666666666, 57.944775]",,,,,57.9191,0.5172,[],['5696'],"['IWC', 'ICES', 'ICCAT', 'NEAFC', 'NASCO', 'NAMMCO', 'ACAP']","['27.4', '27.4.a', '27']",['27'],[],[],[],[],141.0,146.0,28.229471,29.336561000000003,0fe51352d-d6d1-bb22-0d6c-3a8b9b49d2e8,GVLIBERTY BF120,235001680,GBR,fishing,"[{'has_publicly_listed_authorization': 'false', 'rfmo': 'ICCAT'}]",,169.23427086230618,1.5515804601212326,,False,not_matching_relevant_public_authorization,2026-04-25 05:35:10.713253
2025-04-21 23:20:40+00:00,2025-04-24 17:57:55+00:00,5626c066947bf5ec5620dc6d7a8422d1,fishing,"[112.570982, 21.343958, 112.927413, 21.455997]",,,,,21.4208,112.7044,[],['8486'],"['APFIC', 'WCPFC', 'IWC', 'ACAP']",['61'],['61'],['8486'],[],[],[],29.0,17.0,28.276158,17.168748,5fabe0ffd-d559-8482-5451-ffd454b45963,,200012133,,fishing,"[{'has_publicly_listed_authorization': 'false', 'rfmo': 'WCPFC'}]",,314.14210524566124,2.8338271604938248,,False,not_matching_relevant_public_authorization,2026-04-25 05:35:10.713253
2025-04-21 23:22:43+00:00,2025-04-26 12:26:15+00:00,55abb31dda17d150dc6b897e79b30935,fishing,"[1.5847716666666667, 59.658073333333334, 2.301755, 60.438803]",,,,,60.1327,2.0731,[],"['5686', '5696']","['ICCAT', 'NEAFC', 'NAMMCO', 'NASCO', 'IWC', 'ACAP', 'ICES']","['27.4', '27.4.a', '27']",['27'],[],[],[],[],155.0,135.0,9.727647999999999,17.695041,75b45a2a3-3df8-98a0-2536-0c3d731b2ff8,GUIDING LIGHT H90,232013783,GBR,fishing,"[{'has_publicly_listed_authorization': 'false', 'rfmo': 'ICCAT'}]",,532.6128069173859,3.5090393190882625,,False,not_matching_relevant_public_authorization,2026-04-25 05:35:10.713253
2025-04-21 23:24:00+00:00,2025-04-24 23:59:58+00:00,959ad8c0289275aa5ebb752110776588,fishing,"[-17.214246666666668, 11.214306666666667, -17.127611666666667, 11.475946666666667]",,,,,11.3743,-17.1904,[],['8471'],"['SRFC', 'IWC', 'ICCAT', 'NAMMCO', 'ACAP']","['34.3', '34.3.13', '34', '34.3.1']",['34'],[],[],[],[],79.0,73.0,184.408734,154.85742199999999,aaa2c3a5d-dd80-77bc-de4b-930c0899155d,YUAN YU 893,412549344,CHN,fishing,"[{'has_publicly_listed_authorization': 'false', 'rfmo': 'ICCAT'}]",,513.7841426269819,3.7928104563086675,,False,not_matching_relevant_public_authorization,2026-04-25 05:35:10.713253
2025-04-21 23:26:50+00:00,2025-04-24 16:18:28+00:00,80bd74b3b6fb37dff80f00d00a200ff4,fishing,"[-6.220711666666666, 59.96635166666667, -5.0910633333333335, 60.29076666666667]",,,,,60.0727,-5.7006,[],"['5696', '48967']","['IWC', 'ICCAT', 'NEAFC', 'ICES', 'NAMMCO', 'ACAP', 'NASCO']","['27.5.b.1.b', '27.6', '27', '27.5.b.1', '27.5.b', '27.5', '27.6.a']",['27'],[],[],[],[],95.0,135.0,123.965781,54.705465,fd14c0490-0d11-e513-f0d5-138e3a8dc942,HUGINN,251139000,ISL,fishing,"[{'has_publicly_listed_authorization': 'false', 'rfmo': 'ICCAT'}]",,451.99739386987187,3.735420937028387,,False,not_matching_relevant_public_authorization,2026-04-25 05:35:10.713253
2025-04-21 23:33:37+00:00,2025-04-24 02:44:13+00:00,6b6675d28c89168706f99b0acc62d6bb,fishing,"[59.54148, 76.57889166666666, 60.525596666666665, 76.74813333333333]",,,,,76.6625,59.8167,[],['5690'],"['NAMMCO', 'IWC', 'ICES', 'NASCO', 'ACAP']","['27', '27.1.b', '27.1']",['27'],[],[],[],[],49.0,52.0,601.309625,629.473375,a4ae4a13a-ae4e-394a-b337-39bdbb1aafcf,SHPITCBERGEN,273428880,RUS,fishing,"[{'has_publicly_listed_authorization': None, 'rfmo': None}]",,236.98678420043808,2.524860018178039,,False,publicly_authorized,2026-04-25 05:35:10.713253
2025-04-21 23:47:33+00:00,2025-04-24 23:59:06+00:00,5544868d87da94809af146fb14bcbd79,fishing,"[-17.389045, 20.122198333333333, -17.253223333333334, 20.374361666666665]",,,,,20.2463,-17.322,[],['8369'],"['ICCAT', 'IWC', 'ACAP', 'NAMMCO', 'SRFC']","['34', '34.1', '34.1.32', '34.1.3']",['34'],[],[],[],[],80.0,49.0,77.5835,46.250367,a8b85230d-d5de-ba15-03f3-aaf42eea3692,CPMC25,412549309,CHN,fishing,"[{'has_publicly_listed_authorization': 'false', 'rfmo': 'ICCAT'}]",,417.63039527516986,3.192156097852056,,False,not_matching_relevant_public_authorization,2026-04-25 05:35:10.713253
2025-04-21 23:51:13+00:00,2025-04-24 12:57:46+00:00,4dbd94192e1ef0241c6fb4b8693472bc,fishing,"[122.913333, 31.562787, 123.332973, 31.98838]",,,,,31.7764,123.1157,[],['8486'],"['PICES', 'IWC', 'WCPFC', 'ACAP']",['61'],['61'],[],[],[],[],80.0,138.0,39.353273,100.17257799999999,b488bba4d-da5c-44b7-27bb-ab6f17c35465,ZHEDAIYU12808,412410072,CHN,fishing,"[{'has_publicly_listed_authorization': 'false', 'rfmo': 'WCPFC'}]",,277.9173260497328,2.948971193415638,,False,not_matching_relevant_public_authorization,2026-04-25 05:35:10.713253
2025-04-21 23:52:01+00:00,2025-04-24 12:09:45+00:00,b49c5117fce848634c15097b76bcfc68,fishing,"[46.35172166666667, 71.52818, 47.24843833333333, 72.00264166666666]",,,,,71.9317,46.9521,[],['5690'],"['IWC', 'ACAP', 'NEAFC', 'NAMMCO', 'NASCO', 'ICES']","['27.1.b', '27.1', '27']",['27'],[],[],[],[],180.0,145.0,209.818547,183.232812,6f8d41c69-9df1-04ef-28ed-36b23d6395e4,SERPUKHOV,273259620,RUS,fishing,"[{'has_publicly_listed_authorization': None, 'rfmo': None}]",,357.8367225595002,3.6114068478912467,,False,publicly_authorized,2026-04-25 05:35:10.713253
2025-04-22 00:03:17+00:00,2025-04-24 23:55:27+00:00,46bbdc5a65902ace1db8fcaff8b77f09,fishing,"[114.538883, 22.715158, 114.541445, 22.717528]",,,,,22.7159,114.54,[],['8486'],"['IWC', 'WCPFC', 'ACAP', 'APFIC', 'NACA']",['61'],['61'],[],[],[],[],0.0,0.0,1.111949,1.111949,af6f0a540-0184-ebc5-f981-b6f92dc6a076,YUEHUIWANYU16393,412468963,CHN,fishing,"[{'has_publicly_listed_authorization': 'false', 'rfmo': 'WCPFC'}]",,9.914867254987822,0.29273422562141455,,False,not_matching_relevant_public_authorization,2026-04-25 05:35:10.713253
2025-04-22 00:03:32+00:00,2025-04-24 23:57:20+00:00,137260b0c982d72c7ca71e2b99c1e856,fishing,"[113.078143, 22.203868, 113.084015, 22.2078]",,,,,22.2067,113.0826,[],['8486'],"['WCPFC', 'APFIC', 'NACA']",['61'],['61'],[],[],[],[],1.0,0.0,0.0,0.0,5d9c67b11-116c-32fa-cfba-432d3a1a3ac8,YUEXINHUIYU96031,412527751,CHN,fishing,"[{'has_publicly_listed_authorization': 'false', 'rfmo': 'WCPFC'}]",,14.805044691986142,0.4924217462932458,,False,not_matching_relevant_public_authorization,2026-04-25 05:35:10.713253
2025-04-22 00:11:36+00:00,2025-04-24 23:44:27+00:00,5d9bb9c1d28e7c3c9943658261476964,fishing,"[113.807635, 22.138348, 113.818583, 22.150508]",,,,,22.1415,113.8166,[],['8486'],"['ACAP', 'WCPFC', 'IWC', 'APFIC']",['61'],['61'],[],[],[],[],0.0,0.0,0.0,0.0,0b25ec6a1-1939-711d-5c18-91824c3b19c5,YUEZHUYUJIAO72005,412470009,CHN,fishing,"[{'has_publicly_listed_authorization': 'false', 'rfmo': 'WCPFC'}]",,105.3976080365976,1.7030746705710098,,False,not_matching_relevant_public_authorization,2026-04-25 05:35:10.713253
2025-04-22 00:14:35+00:00,2025-04-24 15:53:27+00:00,af99e22e0af47b09d2c7498f32ad8b69,fishing,"[9.92489333333333, 57.82876, 9.310221666666678, 58.02474333333333]",,,,,57.9238,9.6258,"['555557161', '555522470']",['5674'],"['ICCAT', 'ICES', 'NAMMCO', 'NEAFC', 'ACAP', 'NASCO', 'IWC']","['27.3.a', '27.3', '27.3.a.20', '27']",['27'],[],[],[],[],26.0,52.0,26.746215,51.28641399999999,464e322be-ef4d-fe7b-40d0-10fe2f71367c,RONO,259028800,NOR,fishing,"[{'has_publicly_listed_authorization': 'false', 'rfmo': 'ICCAT'}]",,253.78667929449006,2.144780224501311,,False,not_matching_relevant_public_authorization,2026-04-25 05:35:10.713253
2025-04-22 00:18:29+00:00,2025-04-24 06:12:56+00:00,b1a05d6c8fa5a6f8ff217233f7ec94d9,fishing,"[4.657063333333333, 53.00055666666667, 5.030358333333333, 53.30370833333333]",,,,,53.2227,4.8816,"['555557101', '900752', '555578895', '555721984', '555514216', '555590821']",['5668'],"['ICCAT', 'NAMMCO', 'ICES', 'ACAP', 'NEAFC', 'NASCO', 'IWC']","['27.4', '27', '27.4.c']",['27'],['5668'],[],[],[],4.0,0.0,6.691877000000001,2.282926,ac696db52-23e1-bc6b-7904-b2f59f7d72a7,TX34 SOLA GRATIA,245660000,NLD,fishing,"[{'has_publicly_listed_authorization': 'false', 'rfmo': 'ICCAT'}]",,270.05219706630095,2.7246306992196447,,False,not_matching_relevant_public_authorization,2026-04-25 05:35:10.713253
2025-04-22 00:21:54+00:00,2025-04-24 06:04:00+00:00,2b51539e5888a344009a8d751a424d0f,fishing,"[122.096475, 34.18203, 122.317538, 34.620095]",,,,,34.4329,122.2239,[],['8486'],"['WCPFC', 'IWC', 'PICES', 'ACAP']",['61'],['61'],[],[],[],[],154.0,190.0,134.706031,169.235266,6c81b7cb8-8db7-8d4e-7ab2-6f96606eccd1,61828,412322354,CHN,fishing,"[{'has_publicly_listed_authorization': 'false', 'rfmo': 'WCPFC'}]",,207.86061085775378,2.9023364485981293,,False,not_matching_relevant_public_authorization,2026-04-25 05:35:10.713253
2025-04-22 00:28:05+00:00,2025-04-24 23:57:21+00:00,7dddb61e7f6083be94b37f9fe227488e,fishing,"[114.523737, 22.705988, 114.531023, 22.710883]",,,,,22.7097,114.5278,[],['8486'],"['IWC', 'WCPFC', 'NACA', 'ACAP', 'APFIC']",['61'],['61'],[],[],[],[],0.0,1.0,1.025741,0.0,a6991c867-76d5-f996-81ee-ea66d216e550,YUEHUIWANYU05198,412468908,CHN,fishing,"[{'has_publicly_listed_authorization': 'false', 'rfmo': 'WCPFC'}]",,13.34883610246192,0.36726094003241494,,False,not_matching_relevant_public_authorization,2026-04-25 05:35:10.713253
2025-04-22 00:30:30+00:00,2025-04-24 03:24:42+00:00,4e54d6ce2ffc150e5da7260a05323259,fishing,"[120.858205, 35.63582, 121.189473, 35.757933]",,,,,35.708,121.1057,[],['8486'],"['IWC', 'WCPFC', 'PICES', 'ACAP']",['61'],['61'],['8486'],[],[],[],28.0,32.0,11.254955,20.924166,7f397c9a7-7cb0-812b-493e-a33704953675,LUDONGGANGYU61296,412328585,CHN,fishing,"[{'has_publicly_listed_authorization': 'false', 'rfmo': 'WCPFC'}]",,188.11600032054884,2.2541511771995077,,False,not_matching_relevant_public_authorization,2026-04-25 05:35:10.713253
2025-04-22 00:47:24+00:00,2025-04-24 04:49:45+00:00,1254bd5495a488b896cb03dcceb219a9,fishing,"[113.91134666666666, 21.796946666666667, 114.054925, 22.08050666666667]",,,,,21.9097,114.0079,[],['8486'],"['WCPFC', 'APFIC', 'IWC', 'ACAP']",['61'],['61'],['8486'],[],[],[],11.0,2.0,16.400066,0.0,9960efc58-81ca-f379-ee4a-2d38833d397b,1,600942632,,fishing,"[{'has_publicly_listed_authorization': 'false', 'rfmo': 'WCPFC'}]",,186.12542527981822,2.0868024162914467,,False,not_matching_relevant_public_authorization,2026-04-25 05:35:10.713253
2025-04-22 00:54:13+00:00,2025-04-24 23:58:53+00:00,a47965e3d981aacaea060cc29838178b,fishing,"[91.67113, -34.924475, 91.912065, -33.563568]",,,,,-34.2441,91.8075,[],[],"['ACAP', 'IOTC', 'CCSBT-Primary-Area', 'SIOFA', 'CCSBT', 'IWC']","['57.3', '57']",['57'],[],['63203'],[],[],1303.0,1379.0,2155.671,2145.15425,843ba45a0-04bd-2e06-14e4-08be7663bd01,BANDARNELAYAN.278,525700517,IDN,fishing,"[{'has_publicly_listed_authorization': 'true', 'rfmo': 'IOTC'}, {'has_publicly_listed_authorization': 'true', 'rfmo': 'CCSBT'}]",,453.0710390019051,4.018844984802437,,False,publicly_authorized,2026-04-25 05:35:10.713253
2025-04-22 00:56:02+00:00,2025-04-24 23:58:20+00:00,ad63a83bc0cbbd17da7f8663972c4473,fishing,"[2.969181666666657, 52.95979166666667, 2.808886666666666, 53.05412333333334]",,,,,53.0157,2.8921,"['555786434', '555624872']",['5696'],"['IWC', 'NASCO', 'ICES', 'NAMMCO', 'ICCAT', 'NEAFC', 'ACAP']","['27.4', '27.4.c', '27']",['27'],[],[],[],[],90.0,83.0,76.858547,85.082031,156ef0b8f-f55a-bd33-e96d-d69348c612c8,GV REUL NA MARA,234671000,GBR,fishing,"[{'has_publicly_listed_authorization': 'false', 'rfmo': 'ICCAT'}]",,176.55825219215137,1.169727049315018,,False,not_matching_relevant_public_authorization,2026-04-25 05:35:10.713253
2025-04-22 00:58:50+00:00,2025-04-24 23:53:16+00:00,017f88dbd44bb85616e40a6d73af813d,fishing,"[123.209928, 29.595462, 123.8392, 30.010857]",,,,,29.7636,123.4921,[],['8486'],"['PICES', 'IWC', 'ACAP', 'WCPFC', 'APFIC']",['61'],['61'],[],[],[],[],72.0,100.0,56.669965,88.397742,3089e84fb-bfc8-1bc2-c01e-7e56f80a6330,ZHE FENG YU 22099,412438679,CHN,fishing,"[{'has_publicly_listed_authorization': 'false', 'rfmo': 'WCPFC'}]",,441.1369177563809,3.622002472187884,,False,not_matching_relevant_public_authorization,2026-04-25 05:35:10.713253
2025-04-22 01:03:58+00:00,2025-04-24 23:22:37+00:00,8e3cf423409e0d1cf424113a0d94b42b,fishing,"[97.404463, -24.384458, 97.571173, -20.318488]",,,,,-22.8482,97.5572,[],[],"['ACAP', 'SIOFA', 'IWC', 'IOTC', 'CCSBT', 'SEAFDEC']","['57.3', '57']",['57'],[],['63203'],[],[],1349.0,902.0,1367.683125,918.088875,81e55822a-ad39-48a1-67d5-f2e9af33561a,BANDAR NELAYAN 582,525301343,IDN,fishing,"[{'has_publicly_listed_authorization': 'true', 'rfmo': 'IOTC'}, {'has_publicly_listed_authorization': 'true', 'rfmo': 'CCSBT'}]",,472.4988547769484,4.004529616724737,,False,publicly_authorized,2026-04-25 05:35:10.713253
2025-04-22 01:04:03+00:00,2025-04-24 23:05:34+00:00,6870d8eb4a287d01ff17cc6eac4e35f2,fishing,"[111.249618, 20.418723, 111.360317, 20.788067]",,,,,20.6102,111.3113,[],['8486'],"['WCPFC', 'IWC', 'APFIC', 'ACAP']",['61'],['61'],[],[],[],[],47.0,68.0,68.03682,53.652339999999995,99876a827-7118-8c20-9575-68814c107d0b,16033,412563852,CHN,fishing,"[{'has_publicly_listed_authorization': 'false', 'rfmo': 'WCPFC'}]",,347.3060688670773,2.9007389162561577,,False,not_matching_relevant_public_authorization,2026-04-25 05:35:10.713253
2025-04-22 01:05:19+00:00,2025-04-24 23:54:23+00:00,058a7d8a7aaf0b2622829f92d199233c,fishing,"[121.430022, 28.699467, 121.434823, 28.701855]",,,,,28.7004,121.4321,[],['8486'],"['IWC', 'WCPFC', 'ACAP', 'APFIC']",['61'],['61'],[],[],[],[],0.0,0.0,0.0,0.0,12632fb2d-d471-b5a4-7e6a-6d806e13e1a6,JICAOYU04780,412284773,CHN,fishing,"[{'has_publicly_listed_authorization': 'false', 'rfmo': 'WCPFC'}]",,12.010988934022452,0.20041322314049578,,False,not_matching_relevant_public_authorization,2026-04-25 05:35:10.713253
2025-04-22 01:05:33+00:00,2025-04-24 20:40:04+00:00,4a194f118e6e3a7630981c3539f1c151,fishing,"[-13.132096666666655, 64.01743333333333, -13.811604999999986, 64.415]",,,,,64.2573,-13.5535,[],['5680'],"['ICCAT', 'ICES', 'NEAFC', 'NASCO', 'IWC', 'ACAP', 'NAMMCO']","['27.5', '27', '27.5.a', '27.5.a.2']",['27'],[],[],[],[],81.0,26.0,90.167062,34.884164,60b815d36-64e0-5e31-fea8-e66ae6942702,GULLVER,251049110,ISL,fishing,"[{'has_publicly_listed_authorization': 'false', 'rfmo': 'ICCAT'}]",,413.98290358400413,3.7761904712484666,,False,not_matching_relevant_public_authorization,2026-04-25 05:35:10.713253
2025-04-22 01:05:44+00:00,2025-04-24 04:52:16+00:00,2cdcc3061a2ec56b657fa9ad157609f5,fishing,"[111.294607, 20.463478, 111.41944, 20.898022]",,,,,20.6407,111.3309,[],['8486'],"['APFIC', 'IWC', 'WCPFC', 'ACAP']",['61'],['61'],[],[],[],[],52.0,59.0,72.136391,50.04846499999999,bbde8e530-0b02-5d0e-d237-44880915d1eb,08,400023380,,fishing,"[{'has_publicly_listed_authorization': 'false', 'rfmo': 'WCPFC'}]",,262.85732153515715,2.9499999999999997,,False,not_matching_relevant_public_authorization,2026-04-25 05:35:10.713253
2025-04-22 01:11:17+00:00,2025-04-24 23:47:20+00:00,97d8184bb2facaf1dbbf28082d81fd18,fishing,"[124.314198, 29.701012, 124.741795, 30.467915]",,,,,29.964,124.5785,[],['8486'],"['IWC', 'PICES', 'WCPFC', 'APFIC', 'ACAP']",['61'],['61'],[],[],[],[],155.0,173.0,141.980953,154.703547,e26816cb5-5a50-cc0e-0649-756ab1954b9d,ZHEPUYU32279,412420506,CHN,fishing,"[{'has_publicly_listed_authorization': 'false', 'rfmo': 'WCPFC'}]",,420.80140941317524,3.153153153153153,,False,not_matching_relevant_public_authorization,2026-04-25 05:35:10.713253
2025-04-22 01:13:34+00:00,2025-04-24 22:14:12+00:00,29068dcdf22c6e62cfa8a931736c7bc0,fishing,"[-6.640891666666667, 60.10511666666667, -5.608068333333334, 60.725941666666664]",,,,,60.3327,-5.9969,[],"['5696', '8435', '48967']","['ACAP', 'NEAFC', 'NAMMCO', 'NASCO', 'IWC', 'ICCAT', 'ICES']","['27.5.b.1.b', '27.5.b.1', '27.5.b', '27.5', '27']",['27'],[],[],[],[],117.0,94.0,142.385016,91.251938,b04a2e33d-d467-253e-cdc1-58259eb43525,FAGRABERG,231091000,FRO,fishing,"[{'has_publicly_listed_authorization': 'false', 'rfmo': 'ICCAT'}]",,447.52986226165416,3.5796791400873302,,False,not_matching_relevant_public_authorization,2026-04-25 05:35:10.713253
2025-04-22 01:14:09+00:00,2025-04-24 00:26:00+00:00,d0e5c0eab248d94539d270bc05205733,fishing,"[-1.9578600000000002, 4.351182, -1.465352, 4.462822]",,,,,4.3949,-1.7285,[],['8400'],"['NAMMCO', 'ICCAT', 'IWC', 'FCWC', 'ACAP']","['34.3', '34.3.4', '34']",['34'],[],[],[],[],45.0,56.0,63.778438,50.692602,80cf328ec-cd55-9baa-1b79-9647e1222b4d,M/V LONG XIANG 601,627214000,GHA,fishing,"[{'has_publicly_listed_authorization': 'false', 'rfmo': 'ICCAT'}]",,299.73670020447736,3.8401913875598073,,False,not_matching_relevant_public_authorization,2026-04-25 05:35:10.713253
2025-04-22 01:19:00+00:00,2025-04-24 08:10:44+00:00,eb06fdefa5e1e7cdb0d0be01b5f894b3,fishing,"[122.660192, 34.617335, 122.983473, 35.105738]",,,,,34.7995,122.8207,[],"['8327', '8486']","['ACAP', 'PICES', 'WCPFC', 'IWC']",['61'],['61'],[],[],[],[],216.0,194.0,197.103297,190.207219,796fa391e-e33d-cdad-82ac-3628a59929a3,LURONGYU56049,412327958,CHN,fishing,"[{'has_publicly_listed_authorization': 'false', 'rfmo': 'WCPFC'}]",,377.44736068115844,3.9411306042885,,False,not_matching_relevant_public_authorization,2026-04-25 05:35:10.713253
2025-04-22 01:19:19+00:00,2025-04-24 05:56:07+00:00,5ca4755b4f618e12eded12b1f4370f93,fishing,"[119.367777, 24.239475, 119.611802, 24.637177]",,,,,24.4551,119.4819,[],"['8486', '8321']","['ACAP', 'WCPFC', 'IWC', 'APFIC']",['61'],['61'],[],[],[],[],58.0,41.0,65.784211,61.119852,232e37ccd-d0e7-f6f8-3295-c2c6218a2cc6,MINFENGYU00809,412451765,CHN,fishing,"[{'has_publicly_listed_authorization': 'false', 'rfmo': 'WCPFC'}]",,374.8534192126742,4.005646359583958,,False,not_matching_relevant_public_authorization,2026-04-25 05:35:10.713253
2025-04-22 01:20:41+00:00,2025-04-24 16:31:52+00:00,ba6e6849f6cdb08943717c91d788e449,fishing,"[9.954883333333328, 57.628456666666665, 8.381626666666676, 58.07743166666667]",,,,,57.77,8.857,"['555557161', '555522470']","['5686', '5674']","['ICCAT', 'ACAP', 'NASCO', 'ICES', 'IWC', 'NAMMCO', 'NEAFC']","['27', '27.3.a.20', '27.3.a', '27.3']",['27'],[],[],[],[],4.0,9.0,4.447797,10.500575999999999,4bfb9a737-7cff-afca-ac3d-2c633b8544ee,FN75 NICOLINE,220138000,DNK,fishing,"[{'has_publicly_listed_authorization': 'false', 'rfmo': 'ICCAT'}]",,318.8473752594301,2.7598462367792753,,False,not_matching_relevant_public_authorization,2026-04-25 05:35:10.713253
2025-04-22 01:21:18+00:00,2025-04-24 04:48:10+00:00,574e9f4cbeffb9989a047ba97a71994e,fishing,"[114.525863, 22.707522, 114.530238, 22.712438]",,,,,22.7095,114.5273,[],['8486'],"['WCPFC', 'APFIC', 'NACA']",['61'],['61'],[],[],[],[],1.0,1.0,0.0,0.0,1d5d5aaef-f81e-e6d9-9d61-188d704554b3,YUEHUIWANYU05092,412468176,CHN,fishing,"[{'has_publicly_listed_authorization': 'false', 'rfmo': 'WCPFC'}]",,19.52954002049237,0.23913043478260873,,False,not_matching_relevant_public_authorization,2026-04-25 05:35:10.713253
2025-04-22 01:21:51+00:00,2025-04-24 11:59:00+00:00,5030a284a07fd137ada88a6625f2ed9b,fishing,"[108.708848, 15.300525, 108.937107, 15.718963]",,,,,15.5262,108.8667,[],['8484'],"['ACAP', 'SEAFDEC', 'APFIC', 'WCPFC', 'IWC']",['61'],['61'],[],[],[],[],0.0,35.0,13.415767,36.574144999999994,db465fd69-982e-7c46-e90c-66dc2225059a,82 F1,574612076,VNM,fishing,"[{'has_publicly_listed_authorization': 'false', 'rfmo': 'WCPFC'}]",,213.65452953063684,2.4910526315789485,,False,not_matching_relevant_public_authorization,2026-04-25 05:35:10.713253
2025-04-22 01:26:45+00:00,2025-04-24 07:43:24+00:00,0ed1b849a800aece9b96dac407e3055c,fishing,"[-2.4460400000000107, 45.067485, -2.5548, 45.09678]",,,,,45.073,-2.4521,"['555643633', '555539441']",['5677'],"['ICES', 'NEAFC', 'ACAP', 'ICCAT', 'NAMMCO', 'IWC', 'NASCO']","['27.8', '27.8.b', '27']",['27'],[],[],[],[],98.0,106.0,95.356531,99.805359,95484b25d-d5c2-374f-5a4b-36432fc49816,NET OCEANE III,230700485,FIN,fishing,"[{'has_publicly_listed_authorization': 'false', 'rfmo': 'ICCAT'}]",,25.89098998925713,1.4348859315589364,,False,not_matching_relevant_public_authorization,2026-04-25 05:35:10.713253
2025-04-22 01:31:42+00:00,2025-04-24 03:54:09+00:00,c1b867312fc35dd4fd719ce112c14aba,fishing,"[114.531682, 22.694753, 114.548698, 22.705627]",,,,,22.7039,114.5338,[],['8486'],"['APFIC', 'ACAP', 'WCPFC', 'IWC']",['61'],['61'],[],[],[],[],1.0,0.0,1.111949,1.025741,a718df116-6444-621d-bc0e-4149c0ef8d12,YUEHUIDONGYU71086,412466688,CHN,fishing,"[{'has_publicly_listed_authorization': 'false', 'rfmo': 'WCPFC'}]",,11.691278626499061,0.26782786885245874,,False,not_matching_relevant_public_authorization,2026-04-25 05:35:10.713253
2025-04-22 01:49:34+00:00,2025-04-24 03:32:44+00:00,92220c822a95f90f0ebbb883379ea3ce,fishing,"[4.690806666666674, 52.39469666666667, 4.525966666666676, 52.867043333333335]",,,,,52.5792,4.5926,"['555514216', '555557101', '555578895', '900752', '555721984']",['5668'],"['NASCO', 'NAMMCO', 'NEAFC', 'ACAP', 'ICCAT', 'IWC', 'ICES']","['27', '27.4', '27.4.c']",['27'],['5668'],[],[],[],0.0,10.0,1.302625,15.012197,a6baf86d1-1e16-3cba-5610-3849716463b0,WR291 ESTHER JENKE,244213000,NLD,fishing,"[{'has_publicly_listed_authorization': 'false', 'rfmo': 'ICCAT'}]",,245.70734173224102,2.6809852050551246,,False,not_matching_relevant_public_authorization,2026-04-25 05:35:10.713253
2025-04-22 02:02:29+00:00,2025-04-24 03:42:21+00:00,01e01c2421aa1dfd95a949a328e4c3a3,fishing,"[121.564132, 34.34735, 121.826248, 34.477997]",,,,,34.4129,121.7044,[],['8486'],"['PICES', 'ACAP', 'WCPFC', 'IWC']",['61'],['61'],[],[],[],[],115.0,143.0,95.26442200000001,122.031836,2c5477950-0531-1709-f09f-55cd64750a6f,SUGANYU04029,412364098,CHN,fishing,"[{'has_publicly_listed_authorization': 'false', 'rfmo': 'WCPFC'}]",,195.77490936188497,3.6912568306010916,,False,not_matching_relevant_public_authorization,2026-04-25 05:35:10.713253
2025-04-22 02:06:04+00:00,2025-04-24 23:59:55+00:00,03bbf2964a6e19b316eed41ae0745f71,fishing,"[-93.787988, 29.126455, -93.054095, 29.600268]",,,,,29.4441,-93.5363,[],['8456'],"['NAMMCO', 'IWC', 'ACAP', 'ICCAT']",['31'],['31'],['8456'],[],[],[],62.0,14.0,15.031459,15.629903,bd0f4be65-5236-5f3d-8550-a04075a593fe,MR. JOHN,367477290,USA,fishing,"[{'has_publicly_listed_authorization': 'false', 'rfmo': 'ICCAT'}]",,351.74051235060233,2.7811000585137498,,False,not_matching_relevant_public_authorization,2026-04-25 05:35:10.713253
2025-04-22 02:16:53+00:00,2025-04-24 02:11:58+00:00,680f56cee0cf7f9ba7c73eec79493d72,fishing,"[122.258378, 29.946393, 122.26006, 29.94728]",,,,,29.9468,122.259,[],['8486'],"['IWC', 'ACAP', 'WCPFC', 'APFIC']",['61'],['61'],[],[],[],[],1.0,1.0,0.0,0.0,de1fa7776-6b4b-30e6-6581-b5d2d74b8d1b,ZHEPUYU42747,412423483,CHN,fishing,"[{'has_publicly_listed_authorization': 'false', 'rfmo': 'WCPFC'}]",,4.38414975927358,0.17242524916943525,,False,not_matching_relevant_public_authorization,2026-04-25 05:35:10.713253
2025-04-22 02:28:05+00:00,2025-04-24 23:28:51+00:00,23abf8fe2e86f130643b7aab8a001e30,fishing,"[1.1016666666666595, 60.275306666666665, 0.05411000000000854, 60.583333333333336]",,,,,60.3374,0.1957,[],['5696'],"['IWC', 'NAMMCO', 'ACAP', 'NASCO', 'ICCAT', 'NEAFC', 'ICES']","['27.4', '27.4.a', '27']",['27'],[],[],[],[],102.0,45.0,56.150105,47.27875,758fa23f0-025d-3508-76d8-b76c30a810b6,BRIGHTER HOPE,235010340,GBR,fishing,"[{'has_publicly_listed_authorization': 'false', 'rfmo': 'ICCAT'}]",,319.36272117141107,2.52044580466215,,False,not_matching_relevant_public_authorization,2026-04-25 05:35:10.713253
2025-04-22 02:28:11+00:00,2025-04-24 07:10:10+00:00,7b7ecc5a462b7a2e29b3c77e256bc851,fishing,"[124.007463, 31.404438, 124.454383, 31.668122]",,,,,31.6096,124.2187,[],['8486'],"['PICES', 'WCPFC', 'IWC', 'ACAP']",['61'],['61'],[],[],[],[],135.0,186.0,109.97605499999999,161.182141,d5aed4235-5016-da9b-2db2-3c4a935e29cb,ZHEPUYU68098,412422974,CHN,fishing,"[{'has_publicly_listed_authorization': 'false', 'rfmo': 'WCPFC'}]",,251.62829788941264,2.7639622641509423,,False,not_matching_relevant_public_authorization,2026-04-25 05:35:10.713253
2025-04-22 02:28:13+00:00,2025-04-24 06:37:14+00:00,42186c28d86ae0583373c14c47fd8877,fishing,"[91.433953, -32.9684, 91.674467, -32.322653]",,,,,-32.6914,91.5587,[],[],"['IWC', 'SIOFA', 'IOTC', 'CCSBT-Primary-Area', 'CCSBT', 'ACAP']","['57', '57.3']",['57'],[],['63203'],[],[],1367.0,1421.0,2180.66375,2151.01425,6305c6b1c-c17a-e090-743b-099bd168b2e5,BANDAR NELAYAN 585,525301362,IDN,fishing,"[{'has_publicly_listed_authorization': 'true', 'rfmo': 'CCSBT'}, {'has_publicly_listed_authorization': 'true', 'rfmo': 'IOTC'}]",,390.4787089716428,4.770721357850069,,False,publicly_authorized,2026-04-25 05:35:10.713253
2025-04-22 02:34:06+00:00,2025-04-24 23:14:46+00:00,e28149488759859ff08377695a82b0a9,fishing,"[121.424577, 28.686162, 121.427163, 28.690918]",,,,,28.6869,121.4258,[],['8486'],"['NACA', 'ACAP', 'IWC', 'WCPFC', 'APFIC']",['61'],['61'],[],[],[],[],0.0,0.0,0.0,0.0,c38faba01-1a00-5d48-a58c-9d62a2d21694,ZHEJIAOYU70053,412412229,CHN,fishing,"[{'has_publicly_listed_authorization': 'false', 'rfmo': 'WCPFC'}]",,9.304560051510602,0.1123581336696091,,False,not_matching_relevant_public_authorization,2026-04-25 05:35:10.713253
2025-04-22 02:34:08+00:00,2025-04-24 14:53:40+00:00,d6b3aaf31017fa294a1242edc1809677,fishing,"[124.305583, 31.342608, 124.728565, 31.60073]",,,,,31.4195,124.5091,[],['8486'],"['ACAP', 'PICES', 'IWC', 'WCPFC']",['61'],['61'],[],[],[],[],157.0,205.0,129.091656,178.15984400000002,167031961-1aa9-c19e-454a-c4b57a6f780b,ZHEXIANGYU50037,412436621,CHN,fishing,"[{'has_publicly_listed_authorization': 'false', 'rfmo': 'WCPFC'}]",,319.9627359521354,3.401369863013698,,False,not_matching_relevant_public_authorization,2026-04-25 05:35:10.713253
2025-04-22 02:42:41+00:00,2025-04-24 23:59:00+00:00,3f7f2e524e617fc643d37b4ec3b07be9,fishing,"[14.375599999999991, -26.728866666666665, 14.087350000000015, -26.113866666666667]",,,,,-26.3806,14.2351,[],['8395'],"['IWC', 'CCSBT', 'ICCAT', 'ACAP']","['47.1', '47', '47.1.5']",['47'],[],[],[],[],70.0,83.0,76.324609,117.956289,373d5f26a-a738-2cee-78b2-625208cf9a86,FARILLON,659444000,NAM,fishing,"[{'has_publicly_listed_authorization': 'false', 'rfmo': 'CCSBT'}, {'has_publicly_listed_authorization': 'false', 'rfmo': 'ICCAT'}]",,479.55336019332975,3.897959184754733,,False,not_matching_relevant_public_authorization,2026-04-25 05:35:10.713253
2025-04-22 02:42:50+00:00,2025-04-24 01:19:29+00:00,9ebbb3ba90233cbaa86396a31bd26d26,fishing,"[122.994762, 31.59378, 123.273598, 31.97617]",,,,,31.7691,123.1017,[],['8486'],"['ACAP', 'PICES', 'IWC', 'WCPFC']",['61'],['61'],[],[],[],[],86.0,132.0,46.440898000000004,95.111188,173b6bd33-3bc9-fdc5-dfb4-c6f002fd1ce3,ZHEDAIYU11652,412425939,CHN,fishing,"[{'has_publicly_listed_authorization': 'false', 'rfmo': 'WCPFC'}]",,212.91418950640315,2.7218253968253983,,False,not_matching_relevant_public_authorization,2026-04-25 05:35:10.713253
2025-04-22 02:43:36+00:00,2025-04-24 04:27:47+00:00,02bf01c82d95150a0a669097871097fe,fishing,"[120.32007, 37.643377, 120.321947, 37.644977]",,,,,37.6439,120.3206,[],['8486'],"['ACAP', 'APFIC', 'WCPFC', 'IWC', 'NACA', 'PICES']",['61'],['61'],['8486'],[],[],[],0.0,0.0,0.0,0.0,f4d5faf9f-f76f-efb1-9567-3e94fdd17442,LULAIZHOUYU67201,412337507,CHN,fishing,"[{'has_publicly_listed_authorization': 'false', 'rfmo': 'WCPFC'}]",,4.478221833365655,0.20986547085201804,,False,not_matching_relevant_public_authorization,2026-04-25 05:35:10.713253
2025-04-22 02:48:34+00:00,2025-04-24 17:29:20+00:00,c444f3045f4640cfbd8df4dd22448fbf,fishing,"[8.505451666666668, 57.5784, 9.786785, 57.89919166666667]",,,,,57.7805,9.3057,[],['5674'],"['NASCO', 'NAMMCO', 'ICES', 'NEAFC', 'ACAP', 'IWC', 'ICCAT']","['27.3.a', '27', '27.3.a.20', '27.3']",['27'],[],[],[],[],51.0,35.0,51.374311999999996,35.754195,27af75a2d-d9ea-fa88-5f3c-388a908e522d,HM96 JANNI,219023588,DNK,fishing,"[{'has_publicly_listed_authorization': 'false', 'rfmo': 'ICCAT'}]",,341.8210237818407,2.9402400728330615,,False,not_matching_relevant_public_authorization,2026-04-25 05:35:10.713253
2025-04-22 02:57:48+00:00,2025-04-24 21:03:42+00:00,8352aaa880ece19b3c13fb72ab468e57,fishing,"[5.552311666666666, 54.237415, 6.41299, 54.73515833333333]",,,,,54.3296,6.102,[],['5669'],"['NAMMCO', 'ICCAT', 'ACAP', 'NEAFC', 'IWC', 'ICES', 'NASCO']","['27', '27.4', '27.4.b']",['27'],[],[],[],[],85.0,112.0,33.883523000000004,48.846543,2419daac0-00a1-d9fa-409a-2d3400119bab,VERTROUWEN GRE33,211319670,DEU,fishing,"[{'has_publicly_listed_authorization': 'false', 'rfmo': 'ICCAT'}]",,312.9484069541757,2.614228717830854,,False,not_matching_relevant_public_authorization,2026-04-25 05:35:10.713253
2025-04-22 02:58:23+00:00,2025-04-24 06:24:01+00:00,e9973d996557338f112ddb76b19ed992,fishing,"[124.126225, 31.40266, 124.599605, 31.643622]",,,,,31.523,124.3112,[],['8486'],"['IWC', 'ACAP', 'PICES', 'WCPFC']",['61'],['61'],[],[],[],[],145.0,197.0,118.733211,170.40515599999998,bf54f2d5f-fefa-38f5-7464-0791908d28e0,ZHEPUYU68007,412422529,CHN,fishing,"[{'has_publicly_listed_authorization': 'false', 'rfmo': 'WCPFC'}]",,245.88675582457307,2.7510330578512385,,False,not_matching_relevant_public_authorization,2026-04-25 05:35:10.713253
2025-04-22 03:03:18+00:00,2025-04-24 18:56:08+00:00,099f97d340f3d06153b2170c87381bb4,fishing,"[35.175998333333325, 74.38576166666667, 33.259000000000015, 74.72720833333334]",,,,,74.5131,33.8558,[],['33181'],"['NEAFC', 'IWC', 'ACAP', 'NASCO', 'ICES', 'NAMMCO']","['27', '27.1', '27.1.b']",['27'],[],[],[],[],367.0,300.0,434.500656,413.6175,2a1f32a0f-fd78-c2ce-0e18-1808e6aea55b,BERLIN,211887330,DEU,fishing,"[{'has_publicly_listed_authorization': None, 'rfmo': None}]",,298.74278560227896,2.5591103578093106,,False,publicly_authorized,2026-04-25 05:35:10.713253
2025-04-22 03:12:04+00:00,2025-04-24 01:15:22+00:00,21198a46cba2175b3852fef849491513,fishing,"[117.567173, 23.045958, 117.956453, 23.261983]",,,,,23.1006,117.6699,[],['8486'],"['IWC', 'WCPFC', 'ACAP', 'APFIC']",['61'],['61'],['8486'],[],[],[],60.0,62.0,36.883094,31.402145,bdae00c68-8966-d87f-c019-ca79ee29c228,MINDONGYU63365,412441263,CHN,fishing,"[{'has_publicly_listed_authorization': 'false', 'rfmo': 'WCPFC'}]",,286.6438392145736,3.8831858407079682,,False,not_matching_relevant_public_authorization,2026-04-25 05:35:10.713253
2025-04-22 03:13:29+00:00,2025-04-24 23:58:00+00:00,aebc76e81f34067dcbcfed20d3bc5eb2,fishing,"[152.45163833333334, 57.84285666666667, 152.97603333333333, 58.09020833333334]",,,,,57.9926,152.7689,[],['5690'],"['ACAP', 'IWC', 'PICES']",['61'],['61'],[],[],[],[],119.0,91.0,212.222562,205.01665599999998,b66ab166b-b9b2-7864-4fee-8f2ab2dc3214,ARCTIC LION,273391950,RUS,fishing,"[{'has_publicly_listed_authorization': None, 'rfmo': None}]",,358.47526691149545,2.926133141850274,,False,publicly_authorized,2026-04-25 05:35:10.713253
2025-04-22 03:18:41+00:00,2025-04-24 07:03:28+00:00,c7a3246f72854c201cfbdab02bd2d60d,fishing,"[123.88857, 33.2359, 124.180952, 33.399605]",,,,,33.3024,124.0629,[],['8327'],"['IWC', 'WCPFC', 'ACAP', 'PICES']",['61'],['61'],[],[],[],[],144.0,112.0,145.900891,113.766031,5a469c8b3-3f18-84aa-ab01-b7078430032b,ZHEPUYU12888,412410545,CHN,fishing,"[{'has_publicly_listed_authorization': 'false', 'rfmo': 'WCPFC'}]",,231.63293654395568,2.5907960199004982,,False,not_matching_relevant_public_authorization,2026-04-25 05:35:10.713253
2025-04-22 03:28:02+00:00,2025-04-24 20:13:39+00:00,728093a7e71fc1faeb2c5d8a244907a1,fishing,"[122.287795, 29.939292000000002, 122.29102, 29.943277]",,,,,29.9407,122.2893,[],['8486'],"['APFIC', 'NACA', 'WCPFC']",['61'],['61'],[],[],[],[],0.0,0.0,0.0,0.0,2bff5820c-cc95-349a-a68e-e5281f05130e,ZHEPUYU61157,412421368,CHN,fishing,"[{'has_publicly_listed_authorization': 'false', 'rfmo': 'WCPFC'}]",,8.123446268201038,0.19824561403508772,,False,not_matching_relevant_public_authorization,2026-04-25 05:35:10.713253
2025-04-22 03:35:48+00:00,2025-04-24 02:04:20+00:00,4f29621448ee4bf7de8276811dd5be28,fishing,"[118.351983, 39.053397, 118.354505, 39.055532]",,,,,39.0547,118.3534,[],['8486'],"['NACA', 'WCPFC', 'APFIC']",['61'],['61'],[],[],[],[],0.0,0.0,0.0,0.0,0571fc2ee-e9f4-fa1b-0e1a-c42f0a695cfc,JICAOYU03788,412284239,CHN,fishing,"[{'has_publicly_listed_authorization': 'false', 'rfmo': 'WCPFC'}]",,7.4158730655559335,0.2160852713178293,,False,not_matching_relevant_public_authorization,2026-04-25 05:35:10.713253
2025-04-22 03:42:30+00:00,2025-04-24 02:15:18+00:00,fd5f056c682de3e52989cbdccd58192b,fishing,"[119.779398, 34.469283, 119.787077, 34.473518]",,,,,34.4709,119.7823,[],['8486'],"['WCPFC', 'NACA', 'APFIC']",['61'],['61'],[],[],[],[],0.0,0.0,0.0,0.0,582ebe9b5-5bc8-12d6-a38f-b50932e30f63,SUGUANYUNYU03098,412353338,CHN,fishing,"[{'has_publicly_listed_authorization': 'false', 'rfmo': 'WCPFC'}]",,7.279453031375871,0.2626838235294118,,False,not_matching_relevant_public_authorization,2026-04-25 05:35:10.713253
2025-04-22 03:47:47+00:00,2025-04-24 02:15:43+00:00,767d5b2689ee48d8cdfc1d79a4ba4dd0,fishing,"[171.36387333333334, 7.106473333333334, 171.36452, 7.108055]",,,,,7.107,171.3641,[],['8318'],"['IWC', 'SPC', 'ACAP', 'FFA', 'WCPFC']","['71.6.2', '71']",['71'],[],[],[],[],1.0,1.0,0.0,0.0,f730981ef-f6e8-ba8c-232a-16ab093bed91,XINSHIJI 111,412420918,CHN,fishing,"[{'has_publicly_listed_authorization': 'true', 'rfmo': 'WCPFC'}]",,5.106130614221266,0.14643338106542544,,False,publicly_authorized,2026-04-25 05:35:10.713253
2025-04-22 03:48:44+00:00,2025-04-24 08:24:39+00:00,d1fa8364f212e4c0de98edd30e29f68a,fishing,"[124.6183, 31.851763, 124.675602, 32.07053]",,,,,31.9852,124.6416,[],"['8486', '8327']","['PICES', 'WCPFC', 'IWC', 'ACAP']",['61'],['61'],[],[],[],[],210.0,192.0,186.390453,194.107,aafbfeeaf-fd33-bde9-c158-23d855b532cd,ZHEDAIYU11999,412427217,CHN,fishing,"[{'has_publicly_listed_authorization': 'false', 'rfmo': 'WCPFC'}]",,473.38405121180494,5.895620437956205,,False,not_matching_relevant_public_authorization,2026-04-25 05:35:10.713253
2025-04-22 03:49:08+00:00,2025-04-24 00:18:15+00:00,1ac57deb263f213e5678905d7a1a16ac,fishing,"[63.2633, 24.60308, 62.846135000000004, 24.881407]",,,,,24.7055,63.1278,[],['8359'],"['IWC', 'ACAP', 'IOTC']","['51', '51.4']",['51'],[],[],[],[],70.0,40.0,107.915711,56.508961000000006,9a61dafc2-2317-7e0f-0704-3089707f7511,AL-SANAII,463704439,PAK,fishing,"[{'has_publicly_listed_authorization': 'false', 'rfmo': 'IOTC'}]",,122.33174483708211,2.379151943462895,,False,not_matching_relevant_public_authorization,2026-04-25 05:35:10.713253
2025-04-22 03:50:46+00:00,2025-04-26 09:56:27+00:00,db4ee9acc2089977ba9797e482e8f7b8,fishing,"[-0.6116666666666788, 57.53445, -0.8938016666666613, 57.81175833333333]",,,,,57.6859,-0.7786,[],['5696'],"['IWC', 'NASCO', 'NEAFC', 'NAMMCO', 'ICES', 'ACAP', 'ICCAT']","['27.4.a', '27', '27.4']",['27'],[],[],[],[],70.0,60.0,38.124359,5.331304,de9198aa9-901f-1138-3e61-793642f6eff3,HARVEST MOON FR366,235077317,GBR,fishing,"[{'has_publicly_listed_authorization': 'false', 'rfmo': 'ICCAT'}]",,369.8694970345123,2.6331237034259125,,False,not_matching_relevant_public_authorization,2026-04-25 05:35:10.713253
2025-04-22 03:52:45+00:00,2025-04-24 23:59:35+00:00,51374d2e8b6ae7ec0afe4fba1fae4eae,fishing,"[118.058503, 24.569267, 118.062943, 24.572385]",,,,,24.5711,118.0606,[],['8486'],"['WCPFC', 'IWC', 'APFIC', 'ACAP']",['61'],['61'],[],[],[],[],1.0,1.0,0.0,0.0,98c2b7b4d-dd61-3362-1749-97dbfb9276b8,MINSHAYU61028,412700029,CHN,fishing,"[{'has_publicly_listed_authorization': 'false', 'rfmo': 'WCPFC'}]",,10.586322043593762,0.159882869692533,,False,not_matching_relevant_public_authorization,2026-04-25 05:35:10.713253
2025-04-22 03:52:53+00:00,2025-04-24 23:59:18+00:00,b2fc5e2be152f3bf8612607aa5a5611c,fishing,"[122.706518, 28.82268, 123.166017, 29.172763]",,,,,28.9747,122.9888,[],['8486'],"['IWC', 'WCPFC', 'APFIC', 'ACAP']",['61'],['61'],[],[],[],[],45.0,94.0,44.180629,78.789469,2ae12776b-b95b-fd98-f61e-4ba7ce13e490,ZHELINGYU69093,412416513,CHN,fishing,"[{'has_publicly_listed_authorization': 'false', 'rfmo': 'WCPFC'}]",,253.08299828515536,2.2197335553705275,,False,not_matching_relevant_public_authorization,2026-04-25 05:35:10.713253
2025-04-22 03:57:53+00:00,2025-04-24 23:59:28+00:00,22e33c2c45a4cf876839404d6a4e0748,fishing,"[6.098336666666654, 54.339025, 5.499493333333334, 54.83363166666667]",,,,,54.5498,5.7868,[],['5669'],"['ICES', 'NEAFC', 'NAMMCO', 'ICCAT', 'ACAP', 'NASCO', 'IWC']","['27.4.b', '27.4', '27']",['27'],[],[],[],[],90.0,151.0,5.052336,62.425796999999996,866637517-73ff-99b8-cdd9-0deefd94d698,UK225 AUKE SENIOR,244704000,NLD,fishing,"[{'has_publicly_listed_authorization': 'false', 'rfmo': 'ICCAT'}]",,386.27913413825826,3.08462446212558,,False,not_matching_relevant_public_authorization,2026-04-25 05:35:10.713253
2025-04-22 04:01:24+00:00,2025-04-24 06:06:05+00:00,13cb5f29acf8199bdabe44e1e47d3639,fishing,"[123.92179, 33.259618, 124.171185, 33.439838]",,,,,33.3171,124.0616,[],['8327'],"['ACAP', 'WCPFC', 'IWC', 'PICES']",['61'],['61'],[],[],[],[],141.0,110.0,142.333219,111.71057,ef7e2ab57-7995-61fd-6a51-c2c5839781f6,ZHE PU YU12879,900012879,,fishing,"[{'has_publicly_listed_authorization': 'false', 'rfmo': 'WCPFC'}]",,205.91431834066864,2.4034722222222227,,False,not_matching_relevant_public_authorization,2026-04-25 05:35:10.713253
2025-04-22 04:03:24+00:00,2025-04-24 06:47:03+00:00,4ec49933a62916d8a5ea07d2231dde6f,fishing,"[122.258337, 29.943915, 122.263037, 29.948612]",,,,,29.9464,122.2598,[],['8486'],"['ACAP', 'APFIC', 'WCPFC', 'IWC']",['61'],['61'],[],[],[],[],1.0,1.0,0.0,0.0,abb74aa7c-ce82-81db-fb9e-599dc7525bfc,ZHEPUYU68518,412422718,CHN,fishing,"[{'has_publicly_listed_authorization': 'false', 'rfmo': 'WCPFC'}]",,10.201749216681591,0.3052341597796144,,False,not_matching_relevant_public_authorization,2026-04-25 05:35:10.713253
2025-04-22 04:06:45+00:00,2025-04-24 18:42:56+00:00,28c9dba1ac23b104ff96db5a0fc1f63d,fishing,"[111.938863, 20.372015, 112.2582, 20.616772]",,,,,20.5473,112.1133,[],['8486'],"['ACAP', 'APFIC', 'IWC', 'WCPFC']",['61'],['61'],['8486'],[],[],[],82.0,104.0,121.64670299999999,103.073484,f82f88200-0cea-bcb9-f23e-8fe9454eef79,,413005098,CHN,fishing,"[{'has_publicly_listed_authorization': 'false', 'rfmo': 'WCPFC'}]",,320.6598229430968,2.8914004914004927,,False,not_matching_relevant_public_authorization,2026-04-25 05:35:10.713253
2025-04-22 04:07:31+00:00,2025-04-24 10:44:14+00:00,1f2381acc23c9449bbd878f6189c6eb2,fishing,"[48.781418, 28.866222, 48.977532, 29.271672]",,,,,29.0934,48.8784,[],['8357'],"['ACAP', 'RECOFI', 'IWC', 'IOTC']","['51', '51.2']",['51'],['8357'],[],[],[],40.0,58.0,27.640652,11.161679,30153bce5-5edf-e7f9-be6e-d9806381ab7a,,447695000,KWT,fishing,"[{'has_publicly_listed_authorization': 'false', 'rfmo': 'IOTC'}]",,258.57903794390234,2.57751798561151,,False,not_matching_relevant_public_authorization,2026-04-25 05:35:10.713253
2025-04-22 04:09:46+00:00,2025-04-24 03:37:25+00:00,7d14ec06d879a840baf9c4746f906274,fishing,"[152.688573, -22.55261, 153.188418, -22.023457]",,,,,-22.1599,153.0923,"['2628_2', '2628_5', '2571']",['8323'],"['IWC', 'FFA', 'ACAP', 'WCPFC']",['71'],['71'],['8323'],[],['2628_2'],['2628_2'],130.0,207.0,128.65978900000002,205.917734,35b572840-0701-d76e-02a8-50580f10a276,FV EMMA,503648200,AUS,fishing,"[{'has_publicly_listed_authorization': 'false', 'rfmo': 'WCPFC'}]",,200.01871787450764,3.0165745856353605,,False,not_matching_relevant_public_authorization,2026-04-25 05:35:10.713253
2025-04-22 04:10:12+00:00,2025-04-24 02:37:01+00:00,aaa649a33fc82c81ca4ec648564ef840,fishing,"[151.53227666666666, 57.80513666666667, 152.97649666666666, 58.06852]",,,,,57.9187,152.2815,[],['5690'],"['PICES', 'IWC', 'ACAP']",['61'],['61'],[],[],[],[],115.0,94.0,197.189391,206.792016,adcb92507-751e-747d-b5d5-1a70ab0797a6,PLUTONAS,273394950,RUS,fishing,"[{'has_publicly_listed_authorization': None, 'rfmo': None}]",,204.47459577764397,2.4688524542342276,,False,publicly_authorized,2026-04-25 05:35:10.713253
2025-04-22 04:16:38+00:00,2025-04-24 01:12:49+00:00,b141367ffaaa302bbd42044802ba231b,fishing,"[61.633357, 24.083372, 61.943258, 24.4232]",,,,,24.1934,61.8086,[],['8359'],"['ACAP', 'IOTC', 'IWC']","['51.4', '51']",['51'],[],[],[],[],104.0,68.0,135.167438,86.705039,a766a13df-fbbb-e74f-82fd-741c3a3d9272,AL ARSHADI B323,70122,ARG,fishing,"[{'has_publicly_listed_authorization': 'false', 'rfmo': 'IOTC'}]",,133.88070230319386,1.9292553191489368,,False,not_matching_relevant_public_authorization,2026-04-25 05:35:10.713253
2025-04-22 04:20:22+00:00,2025-04-24 23:56:06+00:00,88c24613ea88c27c46083e01d70d1f93,fishing,"[114.521277, 22.709508, 114.531418, 22.714092]",,,,,22.7103,114.5296,[],['8486'],"['NACA', 'WCPFC', 'APFIC']",['61'],['61'],[],[],[],[],0.0,1.0,1.025741,0.0,f82a3a47f-f7a3-28a9-342e-4ea82b2e7ae4,YUEHUIWANYU05208,412469539,CHN,fishing,"[{'has_publicly_listed_authorization': 'false', 'rfmo': 'WCPFC'}]",,17.157753447801838,0.3142614601018679,,False,not_matching_relevant_public_authorization,2026-04-25 05:35:10.713253
2025-04-22 04:20:50+00:00,2025-04-24 23:55:43+00:00,a47711c4870a8d4d2689f4d1d6a757ea,fishing,"[-89.329483, 29.400292, -89.202317, 29.568235]",,,,,29.5212,-89.2604,[],['8456'],"['ACAP', 'NAMMCO', 'ICCAT', 'IWC']",['31'],['31'],['8456'],[],[],[],2.0,8.0,5.31342,12.3836,ce5aece6b-ba93-19d5-0f6c-50b5da8e7915,LADY S&Y,367758660,USA,fishing,"[{'has_publicly_listed_authorization': 'false', 'rfmo': 'ICCAT'}]",,319.54886966799916,2.9132584269662916,,False,not_matching_relevant_public_authorization,2026-04-25 05:35:10.713253
2025-04-22 04:22:49+00:00,2025-04-24 23:50:58+00:00,67fbbc0faade65e2f8762dc4d2984de3,fishing,"[123.834267, 31.479617, 124.170328, 31.588238]",,,,,31.5271,124.0104,[],['8486'],"['IWC', 'WCPFC', 'ACAP', 'PICES']",['61'],['61'],[],[],[],[],125.0,159.0,101.940375,135.467859,1e4dedf3d-d8e9-b260-2182-4b6ef6fe955f,ZHEDAIYU02119,412420043,CHN,fishing,"[{'has_publicly_listed_authorization': 'false', 'rfmo': 'WCPFC'}]",,325.13491276676757,2.806360792492178,,False,not_matching_relevant_public_authorization,2026-04-25 05:35:10.713253
2025-04-22 04:24:15+00:00,2025-04-24 15:13:38+00:00,3743e48e088591b801e94a44eb0bf447,fishing,"[61.51869333333333, 24.788651666666667, 61.796398333333336, 24.905098333333335]",,,,,24.8454,61.6369,[],"['8469', '8359']","['IOTC', 'ACAP', 'IWC']","['51.4', '51']",['51'],"['8359', '8469']",[],[],[],32.0,12.0,90.00268799999999,58.784027,efa19169f-f8d4-178e-01d3-b53321ea5991,AL SHEHBAZ,700999,,fishing,"[{'has_publicly_listed_authorization': 'false', 'rfmo': 'IOTC'}]",,149.882723909488,2.1858513204099466,,False,not_matching_relevant_public_authorization,2026-04-25 05:35:10.713253
2025-04-22 04:27:02+00:00,2025-04-24 22:36:01+00:00,a0feb16a8c254f972ddffaf783e977f6,fishing,"[122.265967, 29.946168, 122.268247, 29.947843]",,,,,29.9469,122.2667,[],['8486'],"['NACA', 'WCPFC', 'APFIC']",['61'],['61'],[],[],[],[],0.0,0.0,0.0,0.0,cd7a7ac36-6376-0b52-6b9b-2d34b5ded548,ZHEPUYU68830,412423024,CHN,fishing,"[{'has_publicly_listed_authorization': 'false', 'rfmo': 'WCPFC'}]",,6.251952493330221,0.1435622317596567,,False,not_matching_relevant_public_authorization,2026-04-25 05:35:10.713253
2025-04-22 04:27:05+00:00,2025-04-24 23:53:01+00:00,dc47c242cb718d7810a3f6d69c702ea5,fishing,"[100.342537, 13.416958, 100.574532, 13.460752]",,,,,13.4443,100.4793,[],['8332'],"['APFIC', 'IWC', 'WCPFC', 'SEAFDEC', 'ACAP']",['71'],['71'],[],[],[],[],8.0,6.0,11.926819,10.065779000000001,d60c99197-7b04-bcef-d99f-36688f6fecaa,SH110708,567110709,THA,fishing,"[{'has_publicly_listed_authorization': 'false', 'rfmo': 'WCPFC'}]",,308.77471348309297,2.8072222222222223,,False,not_matching_relevant_public_authorization,2026-04-25 05:35:10.713253
2025-04-22 04:30:45+00:00,2025-04-27 12:39:46+00:00,bd65e0686ca89236b612f0afc9e1786c,fishing,"[-1.7333633333333296, 60.835225, -1.9513833333333253, 60.942953333333335]",,,,,60.8906,-1.8469,[],['5696'],"['NAMMCO', 'ICES', 'IWC', 'ICCAT', 'NEAFC', 'NASCO', 'ACAP']","['27.4.a', '27.4', '27']",['27'],[],[],[],[],29.0,46.0,42.584858999999994,37.182383,1d61bf117-7cfe-40bb-a15a-1c6dc95bc8d7,FV- ARDENT,232006240,GBR,fishing,"[{'has_publicly_listed_authorization': 'false', 'rfmo': 'ICCAT'}]",,394.38551712584825,2.0102056383133315,,False,not_matching_relevant_public_authorization,2026-04-25 05:35:10.713253
2025-04-22 04:31:30+00:00,2025-04-24 08:33:42+00:00,4d7bae664ec100eabb2a6568db1109d9,fishing,"[121.60232, 35.013547, 121.731972, 35.266793]",,,,,35.1189,121.6657,[],['8486'],"['IWC', 'PICES', 'WCPFC', 'ACAP']",['61'],['61'],[],[],[],[],118.0,104.0,97.635969,85.91066400000001,83a9e4c99-996c-0d72-50cf-8dee35ef016c,LUDONGGANGYU61031,412327164,CHN,fishing,"[{'has_publicly_listed_authorization': 'false', 'rfmo': 'WCPFC'}]",,263.0074606240485,2.974120603015078,,False,not_matching_relevant_public_authorization,2026-04-25 05:35:10.713253
2025-04-22 04:31:52+00:00,2025-04-24 09:52:19+00:00,f3c4628925a966fb45686e73c3d3853c,fishing,"[121.652848, 34.97632, 121.724698, 35.261913]",,,,,35.11,121.703,[],['8486'],"['WCPFC', 'IWC', 'PICES', 'ACAP']",['61'],['61'],[],[],[],[],124.0,104.0,103.05220299999999,85.815141,1a92f6309-92d1-f0aa-04e3-fea5219e4c46,LUDONGGANGYU61338,412322365,CHN,fishing,"[{'has_publicly_listed_authorization': 'false', 'rfmo': 'WCPFC'}]",,234.073568869397,2.6065637065637044,,False,not_matching_relevant_public_authorization,2026-04-25 05:35:10.713253
2025-04-22 04:32:02+00:00,2025-04-24 23:56:45+00:00,701214612ca4d6a4656244006db76f9b,fishing,"[120.361547, 35.376027, 120.457667, 35.60121]",,,,,35.4939,120.4236,[],['8486'],"['PICES', 'WCPFC', 'IWC', 'ACAP']",['61'],['61'],['8486'],[],[],[],45.0,31.0,41.98459,27.573266,9f1862266-6643-ddd8-759f-40dfe27bbeb0,LUQINGXINYU60136,412323122,CHN,fishing,"[{'has_publicly_listed_authorization': 'false', 'rfmo': 'WCPFC'}]",,269.5989006726712,2.1984615384615385,,False,not_matching_relevant_public_authorization,2026-04-25 05:35:10.713253
2025-04-22 04:32:56+00:00,2025-04-24 01:18:55+00:00,f755e91b207c9789414b9f89932c2964,fishing,"[121.647392, 34.94641, 121.721912, 35.165148]",,,,,35.0779,121.695,[],['8486'],"['IWC', 'ACAP', 'PICES', 'WCPFC']",['61'],['61'],[],[],[],[],127.0,111.0,105.70679700000001,92.039727,dea67623f-f075-99fd-24c2-b414a114d0a5,LUDONGGANGYU61262,412322376,CHN,fishing,"[{'has_publicly_listed_authorization': 'false', 'rfmo': 'WCPFC'}]",,179.64564970649272,2.5611214953271046,,False,not_matching_relevant_public_authorization,2026-04-25 05:35:10.713253
2025-04-22 04:43:58+00:00,2025-04-24 02:34:51+00:00,47aa69fb8bb3e4a73744284ce1f693d0,fishing,"[-0.4871666666666667, 59.263391666666664, 1.5942866666666666, 60.97916333333333]",,,,,59.7944,0.2547,[],['5696'],"['NAMMCO', 'IWC', 'NASCO', 'ICES', 'ACAP', 'NEAFC', 'ICCAT']","['27.4', '27.4.a', '27']",['27'],[],[],[],[],71.0,129.0,70.119148,14.835934,ca324eec1-1796-a522-3a4f-13b7853ed166,OCEAN VENTURE BF77,232060112,GBR,fishing,"[{'has_publicly_listed_authorization': 'false', 'rfmo': 'ICCAT'}]",,263.63850434923927,3.1881913169104767,,False,not_matching_relevant_public_authorization,2026-04-25 05:35:10.713253
2025-04-22 04:46:03+00:00,2025-04-24 09:40:22+00:00,14d4861c90c246e5bc451e55dfd3f710,fishing,"[118.128048, 39.208343, 118.142018, 39.211567]",,,,,39.2105,118.1394,[],['8486'],"['NACA', 'APFIC', 'WCPFC']",['61'],['61'],[],[],[],[],0.0,0.0,0.861576,0.0,84cc3685a-ac6b-f21d-de19-2268cda49305,JIFENGYU05153,412284104,CHN,fishing,"[{'has_publicly_listed_authorization': 'false', 'rfmo': 'WCPFC'}]",,9.549614862572056,0.27323688969258575,,False,not_matching_relevant_public_authorization,2026-04-25 05:35:10.713253
2025-04-22 04:47:55+00:00,2025-04-24 21:23:47+00:00,7f0a36bc99abc4cbad714600f2b0bb77,fishing,"[123.110347, 28.291043, 124.270387, 28.862323]",,,,,28.4914,123.6016,[],['8486'],"['ACAP', 'WCPFC', 'IWC', 'APFIC']",['61'],['61'],[],[],[],[],107.0,196.0,104.684984,184.45459400000001,904e8d1b1-1678-731e-fc13-2bd28d6535af,ZHELINGYU43117,412416051,CHN,fishing,"[{'has_publicly_listed_authorization': 'false', 'rfmo': 'WCPFC'}]",,354.285214714689,3.1645484949832805,,False,not_matching_relevant_public_authorization,2026-04-25 05:35:10.713253
2025-04-22 04:48:35+00:00,2025-04-24 12:51:50+00:00,251279fcbf4280dec25568a4be7a4eea,fishing,"[42.17658499999999, 70.745625, 40.35888166666666, 71.11273833333334]",,,,,70.9779,40.9647,[],['5690'],"['ICES', 'ACAP', 'IWC', 'NEAFC', 'NASCO', 'NAMMCO']","['27', '27.1.b', '27.1']",['27'],[],[],[],[],235.0,273.0,338.7985,302.766219,b2971ae5e-e06f-e78a-d952-cc57886df2ad,CHERNIGOV,273290400,RUS,fishing,"[{'has_publicly_listed_authorization': None, 'rfmo': None}]",,375.6394292733697,3.7095354437318013,,False,publicly_authorized,2026-04-25 05:35:10.713253
2025-04-22 04:53:07+00:00,2025-04-24 11:43:05+00:00,2890c728d7c6d8712ef33ebb6f8e526c,fishing,"[121.12076, 35.586702, 121.39527, 35.835915]",,,,,35.7271,121.2717,[],['8486'],"['PICES', 'IWC', 'WCPFC', 'ACAP']",['61'],['61'],[],[],[],[],41.0,48.0,20.346799,37.100961000000005,2a01def9b-bef5-9c00-d2c9-69b372c75fde,LURONGYU56698,412330559,CHN,fishing,"[{'has_publicly_listed_authorization': 'false', 'rfmo': 'WCPFC'}]",,235.6082598138803,2.977183098591553,,False,not_matching_relevant_public_authorization,2026-04-25 05:35:10.713253
2025-04-22 04:54:56+00:00,2025-04-24 19:49:39+00:00,44a9ccc0556a98f1865cc1c7db8dc6cd,fishing,"[118.536392, 24.596405, 118.543678, 24.600768]",,,,,24.597,118.5425,[],['8486'],"['NACA', 'APFIC', 'WCPFC']",['61'],['61'],[],[],[],[],0.0,0.0,0.0,0.0,a253af6fd-d817-45c1-9869-371823b3ecad,MINJINYU07999,412451957,CHN,fishing,"[{'has_publicly_listed_authorization': 'false', 'rfmo': 'WCPFC'}]",,7.4895262398080495,0.1333333333333333,,False,not_matching_relevant_public_authorization,2026-04-25 05:35:10.713253
2025-04-22 04:58:14+00:00,2025-04-24 22:49:19+00:00,fa920737cd0ace3baadb7b9bb1e5eda2,fishing,"[-9.3, 48.30001, -9.212218333333333, 48.475]",,,,,48.3642,-9.2747,['555691643'],['5696'],"['NASCO', 'ACAP', 'ICCAT', 'NEAFC', 'ICES', 'IWC', 'NAMMCO']","['27.7', '27', '27.7.j', '27.7.j.2']",['27'],[],[],[],[],277.0,259.0,278.72346899999997,260.911125,57ef024fe-ec40-553c-c34c-ecf2743850b0,F/V LUI II,227408000,FRA,fishing,"[{'has_publicly_listed_authorization': 'false', 'rfmo': 'ICCAT'}]",,138.18865541345295,1.5877777789201994,,False,not_matching_relevant_public_authorization,2026-04-25 05:35:10.713253
2025-04-22 04:59:35+00:00,2025-04-24 23:56:16+00:00,f9e0646e146a60f57e6d79363804a742,fishing,"[120.227675, 35.254952, 120.39418, 35.460258]",,,,,35.3591,120.2986,[],['8486'],"['IWC', 'ACAP', 'WCPFC', 'PICES']",['61'],['61'],['8486'],[],[],[],51.0,38.0,24.415799,37.765641,de8c3a138-8243-28ab-7184-15c88a7afd8a,LUDONGGANGYU61982,412322488,CHN,fishing,"[{'has_publicly_listed_authorization': 'false', 'rfmo': 'WCPFC'}]",,210.18267670889193,1.7448791714614478,,False,not_matching_relevant_public_authorization,2026-04-25 05:35:10.713253
2025-04-22 05:04:55+00:00,2025-04-24 11:36:25+00:00,91ffc9c61e2c50147401bc7d941541b7,fishing,"[106.530842, 19.164552, 106.694402, 19.274677]",,,,,19.2307,106.6211,[],['8484'],"['IWC', 'APFIC', 'WCPFC', 'SEAFDEC', 'ACAP']",['61'],['61'],[],[],[],[],67.0,80.0,76.151477,91.372102,2083cfb92-2b6b-c255-7cd8-8300c1a5b3e5,,574641370,VNM,fishing,"[{'has_publicly_listed_authorization': 'false', 'rfmo': 'WCPFC'}]",,100.09309739366441,1.3979797979797977,,False,not_matching_relevant_public_authorization,2026-04-25 05:35:10.713253
2025-04-22 05:07:22+00:00,2025-04-24 22:10:24+00:00,8e3974aa5951dc90adc3ef35efb1cf74,fishing,"[-51.010643000000016, -32.51084, -52.093937, -31.66263]",,,,,-32.2367,-51.7879,[],['8464'],"['ICCAT', 'ACAP', 'IWC']","['41', '41.2', '41.2.2']",['41'],['8464'],[],[],[],97.0,0.0,88.434898,26.331706999999998,af9fc3175-5de1-654b-740a-60bd07d441ff,FLORIPA  EJ I,710985568,BRA,fishing,"[{'has_publicly_listed_authorization': 'false', 'rfmo': 'ICCAT'}]",,404.7507760085435,3.4064483111565984,,False,not_matching_relevant_public_authorization,2026-04-25 05:35:10.713253
2025-04-22 05:11:52+00:00,2025-04-24 08:58:55+00:00,536a949d3d7a948d30a9829ad85b69ca,fishing,"[124.371908, 27.820123, 124.42254199999999, 28.102833]",,,,,27.982,124.3954,[],"['48954', '8486']","['IWC', 'ACAP', 'WCPFC', 'APFIC']",['61'],['61'],[],[],[],[],221.0,229.0,237.20665599999998,227.801984,9ec3de5ab-b5d4-cf69-b3b1-d1d7530b6997,ZHEXIANGYU13065,412438324,CHN,fishing,"[{'has_publicly_listed_authorization': 'false', 'rfmo': 'WCPFC'}]",,232.50317552924383,2.6674418604651176,,False,not_matching_relevant_public_authorization,2026-04-25 05:35:10.713253
2025-04-22 05:16:42+00:00,2025-04-24 23:59:28+00:00,4d9a44215fc986b2b674dacf1fe2ef2f,fishing,"[5.576356666666666, 54.228698333333334, 6.41595, 54.76412166666667]",,,,,54.3995,6.0411,[],['5669'],"['IWC', 'NASCO', 'NEAFC', 'ACAP', 'ICCAT', 'ICES', 'NAMMCO']","['27.4.b', '27.4', '27']",['27'],[],[],[],[],84.0,113.0,32.58442,51.093848,f86a42b42-28e6-2cf2-e27a-38ee13c5f076,UK158  WILLEM JACOB,246161000,NLD,fishing,"[{'has_publicly_listed_authorization': 'false', 'rfmo': 'ICCAT'}]",,363.814913559867,2.899483737746603,,False,not_matching_relevant_public_authorization,2026-04-25 05:35:10.713253
2025-04-22 05:20:58+00:00,2025-04-24 02:50:16+00:00,9b71c3ff4ae79650eebd4921551c33ea,fishing,"[123.77176, 34.449713, 123.924173, 34.975847]",,,,,34.6928,123.8477,[],['8327'],"['WCPFC', 'PICES', 'ACAP', 'IWC']",['61'],['61'],[],[],[],[],127.0,120.0,132.312984,120.621828,a75715bd7-7552-2cc7-1976-ea00154563ec,LURONGYU57015,412331435,CHN,fishing,"[{'has_publicly_listed_authorization': 'false', 'rfmo': 'WCPFC'}]",,244.45542903163837,3.0019130427604166,,False,not_matching_relevant_public_authorization,2026-04-25 05:35:10.713253
2025-04-22 05:21:20+00:00,2025-04-24 23:06:29+00:00,fb85888575e442ea58c5ff677e21d28a,fishing,"[123.693778, 31.47744, 124.021215, 31.997043]",,,,,31.6089,123.8534,[],['8486'],"['WCPFC', 'IWC', 'PICES', 'ACAP']",['61'],['61'],[],[],[],[],115.0,178.0,89.53875,146.41542199999998,5b3376b60-04ab-5b0b-cfe4-9dfded68356b,ZHESHENGYU06185,900306185,,fishing,"[{'has_publicly_listed_authorization': 'false', 'rfmo': 'WCPFC'}]",,339.1105620716189,2.879890310786103,,False,not_matching_relevant_public_authorization,2026-04-25 05:35:10.713253
2025-04-22 05:22:02+00:00,2025-04-24 01:21:07+00:00,db41f55145d00c5a4aab22c07d79ed26,fishing,"[121.659668, 35.005895, 121.744392, 35.289432]",,,,,35.1509,121.7077,[],['8486'],"['WCPFC', 'IWC', 'PICES', 'ACAP']",['61'],['61'],[],[],[],[],122.0,103.0,101.01379700000001,85.413094,429d3e56e-e172-5f3e-f5e4-e8525350aa13,LUDONGGANGYU61127,412328238,CHN,fishing,"[{'has_publicly_listed_authorization': 'false', 'rfmo': 'WCPFC'}]",,186.12768084958037,2.656874999999999,,False,not_matching_relevant_public_authorization,2026-04-25 05:35:10.713253
2025-04-22 05:24:59+00:00,2025-04-24 03:36:25+00:00,86dcfbae267f0cb5de7b738b8e882901,fishing,"[-17.28348, 15.17203, -17.162875, 15.430315]",,,,,15.2589,-17.2275,[],['8371'],"['SRFC', 'NAMMCO', 'ICCAT', 'ACAP', 'IWC']","['34.3.12', '34.3', '34', '34.3.1']",['34'],[],[],[],[],28.0,36.0,49.500339999999994,80.465188,0509d85b9-9d47-7658-bdad-913f3dcdf8c8,MOHAMED,663252000,SEN,fishing,"[{'has_publicly_listed_authorization': 'false', 'rfmo': 'ICCAT'}]",,211.22847263690514,2.4712047537336894,,False,not_matching_relevant_public_authorization,2026-04-25 05:35:10.713253
2025-04-22 05:26:38+00:00,2025-04-24 10:00:41+00:00,313ea9d7caf0848ada3c81af131a4f8a,fishing,"[111.145695, 20.688658, 111.531308, 21.256123]",,,,,21.0569,111.3499,[],['8486'],"['WCPFC', 'IWC', 'ACAP', 'APFIC']",['61'],['61'],[],[],[],[],58.0,26.0,42.928156,15.959104,d34b4ec85-56d8-103b-509c-2bcb4465f295,,200027900,,fishing,"[{'has_publicly_listed_authorization': 'false', 'rfmo': 'WCPFC'}]",,305.52533785632176,3.253104925053535,,False,not_matching_relevant_public_authorization,2026-04-25 05:35:10.713253
2025-04-22 05:27:00+00:00,2025-04-24 09:00:27+00:00,903d79ce20c0abc8f0cade694d304921,fishing,"[122.927228, 37.736025, 122.98033, 37.785947]",,,,,37.7566,122.9514,[],['8486'],"['IWC', 'WCPFC', 'ACAP', 'PICES']",['61'],['61'],[],[],[],[],42.0,49.0,41.69473,48.780746,dc7c853be-ef81-b6fc-05c2-ae65d8cf84e9,LURONGYU59319,412331523,CHN,fishing,"[{'has_publicly_listed_authorization': 'false', 'rfmo': 'WCPFC'}]",,191.46369773117073,2.7724082934609267,,False,not_matching_relevant_public_authorization,2026-04-25 05:35:10.713253
2025-04-22 05:27:02+00:00,2025-04-24 15:12:59+00:00,16111bcef40058cfd01d6609a5299ec2,fishing,"[121.114022, 35.612607, 121.495813, 35.838567]",,,,,35.7446,121.3435,[],['8486'],"['WCPFC', 'IWC', 'PICES', 'ACAP']",['61'],['61'],[],[],[],[],38.0,56.0,18.237188,46.083926,cdd94afcb-baf9-591a-5252-0d1eb18f6c1c,LURONGYU55096,412328856,CHN,fishing,"[{'has_publicly_listed_authorization': 'false', 'rfmo': 'WCPFC'}]",,313.33775901115985,3.214062499999998,,False,not_matching_relevant_public_authorization,2026-04-25 05:35:10.713253
2025-04-22 05:29:45+00:00,2025-04-24 18:15:57+00:00,07e296fee79c6a10541d4dd4c1487e53,fishing,"[123.696615, 29.749882, 123.948993, 30.141933]",,,,,29.9054,123.8009,[],['8486'],"['APFIC', 'WCPFC', 'IWC', 'ACAP', 'PICES']",['61'],['61'],[],[],[],[],99.0,104.0,86.842,97.16529700000001,903c1c523-3ec2-785d-b2f7-0b70eb44756f,ZHEPUYU44180,412422649,CHN,fishing,"[{'has_publicly_listed_authorization': 'false', 'rfmo': 'WCPFC'}]",,314.13075333752954,3.248579970104634,,False,not_matching_relevant_public_authorization,2026-04-25 05:35:10.713253
2025-04-22 05:32:00+00:00,2025-04-24 23:59:06+00:00,ddffb5f98f3d91dd83b28e8e5e3c5828,fishing,"[152.58909166666666, 57.93020666666666, 153.37932, 58.142555]",,,,,58.0288,152.8754,[],['5690'],"['IWC', 'PICES', 'ACAP']",['61'],['61'],[],[],[],[],110.0,90.0,207.25134400000002,215.86776600000002,4c0d5120b-b762-f5e1-9175-9d8e9b9af9dc,ALEKSANDRIT,273450570,RUS,fishing,"[{'has_publicly_listed_authorization': None, 'rfmo': None}]",,346.6174919045976,2.8120028929312157,,False,publicly_authorized,2026-04-25 05:35:10.713253
2025-04-22 05:33:05+00:00,2025-04-24 23:59:28+00:00,8ecaa455b9eeb39e431f451a8c52e32e,fishing,"[2.7087133333333213, 58.97611166666667, 2.3198600000000056, 59.60134333333333]",,,,,59.3208,2.5271,[],['5686'],"['NAMMCO', 'IWC', 'NEAFC', 'ICCAT', 'ACAP', 'ICES', 'NASCO']","['27.4', '27', '27.4.a']",['27'],[],[],[],[],128.0,147.0,18.076021,18.320164000000002,88f674ee6-6171-ae71-25d0-d46d1a93319e,ALVSBORG GG150,265026000,SWE,fishing,"[{'has_publicly_listed_authorization': 'false', 'rfmo': 'ICCAT'}]",,388.5759303048893,3.1643280517383543,,False,not_matching_relevant_public_authorization,2026-04-25 05:35:10.713253
2025-04-22 05:33:33+00:00,2025-04-24 02:30:32+00:00,d94006a4724ca644795606bb17b55a90,fishing,"[108.844368, 15.460303, 108.917003, 15.589325]",,,,,15.4967,108.8902,[],['8484'],"['APFIC', 'IWC', 'SEAFDEC', 'ACAP', 'WCPFC']",['61'],['61'],[],[],[],[],5.0,21.0,6.177671,22.861563999999998,3f894e9ff-f749-afe7-e9f7-0f640983e03b,MINH72D28,574610046,VNM,fishing,"[{'has_publicly_listed_authorization': 'false', 'rfmo': 'WCPFC'}]",,132.8071444023502,2.1844370860927182,,False,not_matching_relevant_public_authorization,2026-04-25 05:35:10.713253
2025-04-22 05:37:02+00:00,2025-04-24 02:29:04+00:00,784cc69b970f53f39f3773c57c3e4f59,fishing,"[121.61957666666666, 35.01511333333333, 121.74235, 35.254778333333334]",,,,,35.1259,121.6696,[],['8486'],"['ACAP', 'WCPFC', 'PICES', 'IWC']",['61'],['61'],[],[],[],[],119.0,106.0,97.86498399999999,87.93835899999999,b7a56df44-40b7-778e-3020-392ca5058f52,LULANYU60069,412230752,CHN,fishing,"[{'has_publicly_listed_authorization': 'false', 'rfmo': 'WCPFC'}]",,207.92460612791524,2.932089550081473,,False,not_matching_relevant_public_authorization,2026-04-25 05:35:10.713253
2025-04-22 05:43:06+00:00,2025-04-24 23:45:29+00:00,580c5a5cd0e579502c0b20f3347bdc76,fishing,"[121.12556, 35.853733, 121.459797, 35.953835]",,,,,35.9004,121.2869,[],['8486'],"['IWC', 'PICES', 'WCPFC', 'ACAP']",['61'],['61'],['8486'],[],[],[],23.0,53.0,12.811022999999999,35.211707000000004,c75a73fec-cb28-d14f-b478-6807304e85d7,LULONGYU 00703,700056116,,fishing,"[{'has_publicly_listed_authorization': 'false', 'rfmo': 'WCPFC'}]",,337.859237085126,3.2930817610062895,,False,not_matching_relevant_public_authorization,2026-04-25 05:35:10.713253
2025-04-22 05:43:12+00:00,2025-04-24 01:16:19+00:00,235d261a075a806a2924c256360958f4,fishing,"[62.984512, 24.051918, 63.256072, 24.458265]",,,,,24.211,63.1274,[],['8359'],"['IOTC', 'IWC', 'ACAP']","['51.4', '51']",['51'],[],[],[],[],129.0,85.0,133.979984,116.889859,62c3f8bc0-05a8-fb65-d8ef-cc1ae8a9783f,FARHAD,463771172,PAK,fishing,"[{'has_publicly_listed_authorization': 'false', 'rfmo': 'IOTC'}]",,141.89121831606448,2.2052631578947346,,False,not_matching_relevant_public_authorization,2026-04-25 05:35:10.713253
2025-04-22 05:43:52+00:00,2025-04-24 03:36:36+00:00,11285d5f513d6ace8a0eb742f580fe44,fishing,"[119.671668, 34.848537, 120.139075, 35.109893]",,,,,35.0237,119.8465,[],['8486'],"['PICES', 'IWC', 'WCPFC', 'ACAP']",['61'],['61'],['8486'],[],[],[],19.0,61.0,0.0,8.006411,5d18271ae-eb01-bff7-b535-0bddcebfa742,LANYU61511,412201608,CHN,fishing,"[{'has_publicly_listed_authorization': 'false', 'rfmo': 'WCPFC'}]",,300.3311707178407,3.7133898305084734,,False,not_matching_relevant_public_authorization,2026-04-25 05:35:10.713253
2025-04-22 05:45:33+00:00,2025-04-24 15:24:10+00:00,e5920b7ba312cfff9f7ac78539bc00c1,fishing,"[120.411213, 35.27663, 120.567613, 35.304253]",,,,,35.2967,120.4873,[],['8486'],"['WCPFC', 'IWC', 'PICES', 'ACAP']",['61'],['61'],['8486'],[],[],[],56.0,62.0,38.812667999999995,52.405418,ccb1e82bf-f5ef-4d13-b4db-20d631596f92,LUQINGXINYU69039,412347065,CHN,fishing,"[{'has_publicly_listed_authorization': 'false', 'rfmo': 'WCPFC'}]",,201.0306287833348,2.208576329331044,,False,not_matching_relevant_public_authorization,2026-04-25 05:35:10.713253
2025-04-22 05:51:15+00:00,2025-04-24 23:59:50+00:00,2a8b93e11f4ec919fffda9ef904a8771,fishing,"[120.349543, 35.41594, 120.451935, 35.599063]",,,,,35.4997,120.416,[],['8486'],"['PICES', 'WCPFC', 'ACAP', 'IWC']",['61'],['61'],['8486'],[],[],[],40.0,30.0,40.244336000000004,26.960065999999998,0a90c3319-9d5b-404d-96bf-e224262fbc67,LUQINGXINYU60708,412326761,CHN,fishing,"[{'has_publicly_listed_authorization': 'false', 'rfmo': 'WCPFC'}]",,235.17736451699102,2.087898089171971,,False,not_matching_relevant_public_authorization,2026-04-25 05:35:10.713253
2025-04-22 05:54:33+00:00,2025-04-24 01:59:21+00:00,ea1eb1aa2655f0e485722c0734e8f712,fishing,"[120.466373, 35.34384, 120.608387, 35.386973]",,,,,35.3554,120.5313,[],['8486'],"['ACAP', 'WCPFC', 'IWC', 'PICES']",['61'],['61'],['8486'],[],[],[],53.0,57.0,47.151949,47.034516,7f02c8579-9020-3a79-a659-b6394240f972,LUQINGXINYU69388,412231194,CHN,fishing,"[{'has_publicly_listed_authorization': 'false', 'rfmo': 'WCPFC'}]",,151.92285756906224,2.1575144508670507,,False,not_matching_relevant_public_authorization,2026-04-25 05:35:10.713253
2025-04-22 05:54:36+00:00,2025-04-24 23:53:08+00:00,092d3d5984d02e6aedd2752f0508751f,fishing,"[114.524443, 22.708518, 114.530755, 22.71348]",,,,,22.7102,114.5295,[],['8486'],"['WCPFC', 'APFIC', 'NACA', 'IWC', 'ACAP']",['61'],['61'],[],[],[],[],0.0,1.0,1.025741,0.0,5fc4e7b13-366f-c0e0-cde0-0e049cd10cf7,YUEHUIWANYU05177,412468858,CHN,fishing,"[{'has_publicly_listed_authorization': 'false', 'rfmo': 'WCPFC'}]",,16.603547603829206,0.39319852941176486,,False,not_matching_relevant_public_authorization,2026-04-25 05:35:10.713253
2025-04-22 05:59:25+00:00,2025-04-24 15:34:14+00:00,227216f29a35049822c7779dcfe85639,fishing,"[114.538427, 22.714878, 114.541643, 22.716725]",,,,,22.7159,114.5402,[],['8486'],"['WCPFC', 'NACA', 'ACAP', 'APFIC', 'IWC']",['61'],['61'],[],[],[],[],1.0,0.0,0.0,1.111949,58f326efd-d49b-e3c1-5984-f24ba9f08b3b,YUEHUIWANYU06090,412469562,CHN,fishing,"[{'has_publicly_listed_authorization': 'false', 'rfmo': 'WCPFC'}]",,6.100208239500486,0.15519630484988453,,False,not_matching_relevant_public_authorization,2026-04-25 05:35:10.713253
2025-04-22 05:59:29+00:00,2025-04-24 04:20:29+00:00,d6febdecbd1f4803b010dec9c9958be7,fishing,"[123.73575, 32.735517, 123.8742, 32.930248]",,,,,32.8305,123.8091,[],"['8327', '8486']","['WCPFC', 'ACAP', 'IWC', 'PICES']",['61'],['61'],[],[],[],[],194.0,170.0,186.71978099999998,170.767406,1a0f8cdb4-43e9-8e5b-2d32-513fc2cf4e84,ZHEXIANGYU26099,412438292,CHN,fishing,"[{'has_publicly_listed_authorization': 'false', 'rfmo': 'WCPFC'}]",,261.84935934555915,3.4030812324929984,,False,not_matching_relevant_public_authorization,2026-04-25 05:35:10.713253
2025-04-22 06:02:02+00:00,2025-04-24 01:20:14+00:00,08a515f22f4ec47ca70c983069791709,fishing,"[121.638023, 34.946647, 121.72161, 35.263572]",,,,,35.1281,121.6744,[],['8486'],"['WCPFC', 'IWC', 'PICES', 'ACAP']",['61'],['61'],[],[],[],[],126.0,104.0,105.164352,85.815141,da151b4f7-72d8-7374-f15f-654178be0bae,613,810001393,,fishing,"[{'has_publicly_listed_authorization': 'false', 'rfmo': 'WCPFC'}]",,193.00316278119595,2.6140109890109895,,False,not_matching_relevant_public_authorization,2026-04-25 05:35:10.713253
2025-04-22 06:03:07+00:00,2025-04-24 03:07:33+00:00,45c9f77b96abc775856272dffce57dad,fishing,"[123.690568, 31.453752, 124.111075, 31.625258]",,,,,31.5473,123.9194,[],['8486'],"['ACAP', 'WCPFC', 'IWC', 'PICES']",['61'],['61'],[],[],[],[],113.0,156.0,88.32056200000001,132.68825,f4f2f3d03-3b1f-a006-db16-f6a7b679c32e,ZHESHENGYU07586,412428003,CHN,fishing,"[{'has_publicly_listed_authorization': 'false', 'rfmo': 'WCPFC'}]",,191.3786805374258,2.640093240093241,,False,not_matching_relevant_public_authorization,2026-04-25 05:35:10.713253
2025-04-22 06:03:47+00:00,2025-04-24 00:38:02+00:00,26fe04789303104907eb9725bef5c40b,fishing,"[120.382093, 35.351987, 120.591533, 35.388077]",,,,,35.3726,120.4871,[],['8486'],"['ACAP', 'PICES', 'WCPFC', 'IWC']",['61'],['61'],['8486'],[],[],[],48.0,55.0,41.790582,48.237223,39084ba2c-c5e0-c487-b0b9-ba7e3172f1bd,LUQINGXINYU65511,412347164,CHN,fishing,"[{'has_publicly_listed_authorization': 'false', 'rfmo': 'WCPFC'}]",,129.04579875626087,2.014682539682539,,False,not_matching_relevant_public_authorization,2026-04-25 05:35:10.713253
2025-04-22 06:07:11+00:00,2025-04-24 01:39:17+00:00,fd26c34c1377c74062a77f1dc3384b42,fishing,"[121.749182, 34.736573, 121.934535, 35.181892]",,,,,34.9369,121.7905,[],['8486'],"['ACAP', 'WCPFC', 'IWC', 'PICES']",['61'],['61'],[],[],[],[],143.0,124.0,124.373977,106.555414,9871735d7-724c-dadd-d3b9-93bb32be6e4f,64686,500012345,,fishing,"[{'has_publicly_listed_authorization': 'false', 'rfmo': 'WCPFC'}]",,155.84991120118423,2.476190476190476,,False,not_matching_relevant_public_authorization,2026-04-25 05:35:10.713253
2025-04-22 06:07:48+00:00,2025-04-24 01:46:18+00:00,e9331bb9117f52de3bf46d156bd9f002,fishing,"[121.624713, 35.012228, 121.766587, 35.31495]",,,,,35.1683,121.6746,[],['8486'],"['ACAP', 'PICES', 'IWC', 'WCPFC']",['61'],['61'],[],[],[],[],120.0,104.0,98.74143799999999,86.527797,91e178ffe-ed5f-d634-4e0d-34a6510ebbc6,LULANYU71002,412324939,CHN,fishing,"[{'has_publicly_listed_authorization': 'false', 'rfmo': 'WCPFC'}]",,216.54171337501748,3.1237588652482273,,False,not_matching_relevant_public_authorization,2026-04-25 05:35:10.713253
2025-04-22 06:12:11+00:00,2025-04-24 17:43:40+00:00,205fc653187d18151107498ef8f5df56,fishing,"[121.42458, 28.686315, 121.42723, 28.689203]",,,,,28.6872,121.4263,[],['8486'],"['ACAP', 'IWC', 'NACA', 'APFIC', 'WCPFC']",['61'],['61'],[],[],[],[],0.0,0.0,0.0,0.0,0f4b02ed8-8bbe-a1f3-83fe-8819f7aa7681,ZHE JIAO YU 83017,412412442,CHN,fishing,"[{'has_publicly_listed_authorization': 'false', 'rfmo': 'WCPFC'}]",,7.25799841648183,0.27254545454545465,,False,not_matching_relevant_public_authorization,2026-04-25 05:35:10.713253
2025-04-22 06:12:18+00:00,2025-04-24 22:26:35+00:00,3482fde1fd217c174a8aa152f451e2a4,fishing,"[123.727058, 31.452637, 124.067397, 31.621993]",,,,,31.525,123.9168,[],['8486'],"['PICES', 'IWC', 'WCPFC', 'ACAP']",['61'],['61'],[],[],[],[],116.0,153.0,91.88640600000001,128.763258,8d381f26f-fa54-634e-3a83-fdd807d072f6,ZHEDINGYU12133,412424508,CHN,fishing,"[{'has_publicly_listed_authorization': 'false', 'rfmo': 'WCPFC'}]",,274.4579479111342,2.7832020997375304,,False,not_matching_relevant_public_authorization,2026-04-25 05:35:10.713253
2025-04-22 06:14:17+00:00,2025-04-24 13:50:58+00:00,a21041b9954447f59e3256ab8e078b22,fishing,"[17.641606666666668, 40.86741833333333, 17.996333333333332, 40.95394833333334]",,,,,40.9342,17.8208,[],['5682'],"['GFCM', 'ACAP', 'IWC', 'ICCAT']","['37.2', '37.2.2', '37']",['37'],['5682'],[],[],[],9.0,29.0,26.733691,32.421803,82ff42b52-2df1-e1c9-3f45-fbccb6ca8612,RAGGIO DI LUNA,247120120,ITA,fishing,"[{'has_publicly_listed_authorization': 'false', 'rfmo': 'ICCAT'}]",,336.95090898556487,3.280664064812294,,False,not_matching_relevant_public_authorization,2026-04-25 05:35:10.713253
2025-04-22 06:15:36+00:00,2025-04-24 01:53:11+00:00,d04b6de6eada550995466954948e44f6,fishing,"[123.740555, 32.745365, 123.86313, 32.962495]",,,,,32.832,123.8206,[],"['8327', '8486']","['WCPFC', 'IWC', 'PICES', 'ACAP']",['61'],['61'],[],[],[],[],193.0,168.0,187.584516,168.980922,1d12ef31c-c159-4664-b342-0819f595cd49,ZHEXIANGYU26005,412435525,CHN,fishing,"[{'has_publicly_listed_authorization': 'false', 'rfmo': 'WCPFC'}]",,232.0638529057747,3.2518337356177116,,False,not_matching_relevant_public_authorization,2026-04-25 05:35:10.713253
2025-04-22 06:19:54+00:00,2025-04-24 06:50:06+00:00,83d82045e92e4e6b1ea4bba5ab40c68d,fishing,"[120.485333, 35.386763, 120.633933, 35.410657]",,,,,35.3951,120.5547,[],['8486'],"['PICES', 'IWC', 'ACAP', 'WCPFC']",['61'],['61'],['8486'],[],[],[],50.0,56.0,48.493629,44.166539,7043d65df-fff6-1e63-e7f9-f8efe0408b96,LUQINGXINYU69339,412347048,CHN,fishing,"[{'has_publicly_listed_authorization': 'false', 'rfmo': 'WCPFC'}]",,123.3941025557928,1.7765171503957775,,False,not_matching_relevant_public_authorization,2026-04-25 05:35:10.713253
2025-04-22 06:22:49+00:00,2025-04-24 19:12:03+00:00,9f26e71bd51e53e23c6ec472960cf88c,fishing,"[124.360173, 29.71446, 124.696573, 29.822622]",,,,,29.7586,124.5624,[],['8486'],"['APFIC', 'IWC', 'ACAP', 'WCPFC']",['61'],['61'],[],[],[],[],160.0,184.0,146.071891,173.900969,d0e8603e1-1c8b-7530-48e0-3a996ca3885c,ZHEXIANGYU13115,412437767,CHN,fishing,"[{'has_publicly_listed_authorization': 'false', 'rfmo': 'WCPFC'}]",,281.34339427831634,2.6239024390243926,,False,not_matching_relevant_public_authorization,2026-04-25 05:35:10.713253
2025-04-22 06:28:05+00:00,2025-04-24 06:06:09+00:00,56ddca95256c7f9811358276b9ca20f1,fishing,"[90.817415, -33.351392, 91.101485, -32.730093]",,,,,-33.0464,90.9585,[],[],"['ACAP', 'IWC', 'SIOFA', 'IOTC', 'CCSBT', 'CCSBT-Primary-Area']","['57', '57.3']",['57'],[],['63203'],[],[],1297.0,1352.0,2242.1005,2208.457,7e7883be1-12f9-d9b1-421c-e580d652d22e,BANDAR NELAYAN 517,525800131,IDN,fishing,"[{'has_publicly_listed_authorization': 'true', 'rfmo': 'CCSBT'}, {'has_publicly_listed_authorization': 'true', 'rfmo': 'IOTC'}]",,357.28120657567626,4.707048458149777,,False,publicly_authorized,2026-04-25 05:35:10.713253
2025-04-22 06:34:41+00:00,2025-04-24 13:20:00+00:00,526e6d83ca68f2d8f2db1cde5781f91e,fishing,"[5.231986666666667, 53.34928, 5.253295, 53.36049166666667]",,,,,53.3552,5.243,"['478638', '555514173', '555590821', '12754', '555542259', '555536918', '68102']",['5668'],"['ICES', 'EIFAAC', 'NASCO', 'ACAP', 'NAMMCO', 'IWC', 'NEAFC', 'ICCAT']","['27', '27.4', '27.4.c']",['27'],[],[],[],[],2.0,2.0,1.2949490000000001,1.2949490000000001,2f98512cc-c977-6011-783a-f78b1942637a,YE-57 EBEN HAEZER,245158000,NLD,fishing,"[{'has_publicly_listed_authorization': 'false', 'rfmo': 'ICCAT'}]",,127.40836051872076,1.5333985001596528,,False,not_matching_relevant_public_authorization,2026-04-25 05:35:10.713253
2025-04-22 06:34:50+00:00,2025-04-24 04:45:13+00:00,629696448421d7739432f3d45f5cfc38,fishing,"[1.9673433333333321, 61.511155, 1.3433333333333337, 62.287616666666665]",,,,,61.8048,1.6728,[],['5686'],"['ACAP', 'ICCAT', 'ICES', 'NEAFC', 'IWC', 'NAMMCO', 'NASCO']","['27.4.a', '27', '27.2.a.2', '27.2', '27.2.a', '27.4']",['27'],[],[],[],[],141.0,188.0,11.22376,74.529938,d3ca26707-79fc-2c49-93ce-a0f280b9de46,CETUS,257076300,NOR,fishing,"[{'has_publicly_listed_authorization': 'false', 'rfmo': 'ICCAT'}]",,204.48877067819438,2.6136585487098234,,False,not_matching_relevant_public_authorization,2026-04-25 05:35:10.713253
2025-04-22 06:35:17+00:00,2025-04-24 05:18:54+00:00,0e5e922f8ea6b29a2167af9af1b44cba,fishing,"[120.303062, 37.633382, 120.304717, 37.634625]",,,,,37.6341,120.3038,[],['8486'],"['PICES', 'ACAP', 'WCPFC', 'IWC']",['61'],['61'],['8486'],[],[],[],1.0,1.0,0.0,0.0,551b6647a-aea2-4e66-203f-8c5b798dc022,LULONGYU61616,412328687,CHN,fishing,"[{'has_publicly_listed_authorization': 'false', 'rfmo': 'WCPFC'}]",,4.27910252535257,0.18442822384428226,,False,not_matching_relevant_public_authorization,2026-04-25 05:35:10.713253
2025-04-22 06:36:03+00:00,2025-04-24 07:13:24+00:00,9bf385542a38d5ff362e4525697f42b9,fishing,"[124.085225, 31.392687, 124.721942, 31.619768]",,,,,31.5033,124.4268,[],['8486'],"['WCPFC', 'PICES', 'ACAP', 'IWC']",['61'],['61'],[],[],[],[],141.0,206.0,115.064375,178.553469,3930fce8c-c11e-d15c-462f-77408a97e360,ZHEPUYU34058,412422149,CHN,fishing,"[{'has_publicly_listed_authorization': 'false', 'rfmo': 'WCPFC'}]",,264.3979456949995,3.1450000000000005,,False,not_matching_relevant_public_authorization,2026-04-25 05:35:10.713253
2025-04-22 06:36:09+00:00,2025-04-24 17:13:46+00:00,ec720d42494c02eb005518d7d0dd306e,fishing,"[120.478667, 35.161353, 120.727067, 35.43076]",,,,,35.3212,120.5649,[],['8486'],"['IWC', 'PICES', 'ACAP', 'WCPFC']",['61'],['61'],['8486'],[],[],[],71.0,53.0,39.221796999999995,36.949965,0c52e8e9b-b533-7ace-79a2-c150c330485e,LUQINGXINYU69268,412349693,CHN,fishing,"[{'has_publicly_listed_authorization': 'false', 'rfmo': 'WCPFC'}]",,203.28855498503117,2.088934426229509,,False,not_matching_relevant_public_authorization,2026-04-25 05:35:10.713253
2025-04-22 06:36:38+00:00,2025-04-24 23:57:55+00:00,65e52bbe02fc448c29b2f9422cf42658,fishing,"[-5.88151666666667, 60.24418333333333, -6.648216666666656, 60.38888333333333]",,,,,60.3291,-6.2693,[],['8435'],"['ACAP', 'ICCAT', 'NEAFC', 'ICES', 'NASCO', 'NAMMCO', 'IWC']","['27', '27.5', '27.5.b', '27.5.b.1', '27.5.b.1.b']",['27'],[],[],[],[],123.0,112.0,98.61566400000001,120.40114100000001,11fc47bb9-92d0-583b-98b8-65e835578b6d,LAZURNYY,273250200,RUS,fishing,"[{'has_publicly_listed_authorization': 'false', 'rfmo': 'ICCAT'}]",,440.7459106384118,3.6798955498569623,,False,not_matching_relevant_public_authorization,2026-04-25 05:35:10.713253
2025-04-22 06:37:33+00:00,2025-04-24 10:16:00+00:00,5c9af11ae352378f5309f4ac21b20c12,fishing,"[123.849298, 30.059867, 124.144215, 30.641965]",,,,,30.3765,124.0154,[],['8486'],"['IWC', 'ACAP', 'PICES', 'WCPFC']",['61'],['61'],[],[],[],[],98.0,118.0,88.379352,95.09138300000001,09926c983-3fd1-ccf3-d311-e3bd0d105df2,ZHE PU YU 43277,412421632,CHN,fishing,"[{'has_publicly_listed_authorization': 'false', 'rfmo': 'WCPFC'}]",,278.65326410434744,3.2447544642857147,,False,not_matching_relevant_public_authorization,2026-04-25 05:35:10.713253
2025-04-22 06:39:11+00:00,2025-04-26 19:19:49+00:00,e3461d079594a38addb7773d6ed9c3fb,fishing,"[124.40196, 29.67567, 124.774093, 29.82438]",,,,,29.7551,124.5677,[],['8486'],"['IWC', 'ACAP', 'APFIC', 'WCPFC']",['61'],['61'],[],[],[],[],164.0,190.0,150.880234,180.47725,981896411-18bb-99c1-dad9-2435489097d0,ZHEXIANGYU25259,412410165,CHN,fishing,"[{'has_publicly_listed_authorization': 'false', 'rfmo': 'WCPFC'}]",,383.2103209732823,2.5903685092127304,,False,not_matching_relevant_public_authorization,2026-04-25 05:35:10.713253
2025-04-22 06:41:40+00:00,2025-04-24 23:58:57+00:00,73ddf72f016ef0c24b7f0dfe5cb4a9cc,fishing,"[-16.801860000000005, 10.868006666666666, -17.245906666666656, 11.481428333333334]",,,,,11.2615,-17.1128,[],['8471'],"['NAMMCO', 'ACAP', 'ICCAT', 'SRFC', 'IWC']","['34.3.1', '34', '34.3.13', '34.3']",['34'],[],[],[],[],57.0,86.0,164.721844,163.07075,0e76b2df8-86db-5808-1bff-6ce6122977b3,YUAN YU 885,412549329,CHN,fishing,"[{'has_publicly_listed_authorization': 'false', 'rfmo': 'ICCAT'}]",,460.63113205999423,3.7830215112155474,,False,not_matching_relevant_public_authorization,2026-04-25 05:35:10.713253
2025-04-22 06:42:38+00:00,2025-04-24 23:59:25+00:00,cbf39224c34b3ba406212e7f29870e8a,fishing,"[99.589678, 3.38789, 99.810143, 3.682133]",,,,,3.5283,99.7042,[],['8492'],"['IWC', 'APFIC', 'SEAFDEC', 'IOTC', 'ACAP']","['57', '57.1']",['57'],['8492'],[],[],[],12.0,50.0,13.504552,50.484703,ae1af45e6-603a-fc52-444b-844696a04cbc,ONWA KM12,525134211,IDN,fishing,"[{'has_publicly_listed_authorization': 'false', 'rfmo': 'IOTC'}]",,315.4621407226602,2.707521367521368,,False,not_matching_relevant_public_authorization,2026-04-25 05:35:10.713253
2025-04-22 06:47:45+00:00,2025-04-24 00:43:09+00:00,7d15d7c870183bdf282871870668d890,fishing,"[122.259645, 29.945442, 122.260913, 29.947948]",,,,,29.9465,122.2603,[],['8486'],"['IWC', 'ACAP', 'APFIC', 'WCPFC']",['61'],['61'],[],[],[],[],1.0,1.0,0.0,0.0,788af8aac-c5f9-e2bc-9cd9-20abb22a7883,ZHEPUYU68123,412423223,CHN,fishing,"[{'has_publicly_listed_authorization': 'false', 'rfmo': 'WCPFC'}]",,3.4309954531856346,0.7145539906103282,,False,not_matching_relevant_public_authorization,2026-04-25 05:35:10.713253
2025-04-22 06:48:22+00:00,2025-04-24 13:42:39+00:00,8dbcff8e7960136814c32c2873061c88,fishing,"[123.994808, 30.036352, 124.144865, 30.661227]",,,,,30.3856,124.0313,[],['8486'],"['ACAP', 'PICES', 'IWC', 'WCPFC']",['61'],['61'],[],[],[],[],111.0,118.0,102.034109,94.899398,ec29c611a-a425-e42a-30e4-83d4408e7a16,ZHE PU YU 43278,412422798,CHN,fishing,"[{'has_publicly_listed_authorization': 'false', 'rfmo': 'WCPFC'}]",,291.1954262355202,3.262048894062867,,False,not_matching_relevant_public_authorization,2026-04-25 05:35:10.713253
2025-04-22 06:53:50+00:00,2025-04-24 23:59:44+00:00,47024406b404b75f685cd7f3edce6672,fishing,"[124.565505, 31.345042, 125.115535, 31.419853]",,,,,31.3912,124.9021,[],['8486'],"['IWC', 'ACAP', 'WCPFC', 'PICES']",['61'],['61'],[],[],[],[],180.0,222.0,151.33025,202.267922,b386d7f76-6ad0-c7a3-9040-9435b77a443c,ZHEXIANGYU25322,412439571,CHN,fishing,"[{'has_publicly_listed_authorization': 'false', 'rfmo': 'WCPFC'}]",,363.6412459982707,3.5375000000000005,,False,not_matching_relevant_public_authorization,2026-04-25 05:35:10.713253
2025-04-22 06:59:30+00:00,2025-04-24 23:18:29+00:00,d7594c91e40c41983290ede6b003cb5a,fishing,"[118.346843, 39.056883, 118.352747, 39.061603]",,,,,39.0589,118.3511,[],['8486'],"['WCPFC', 'NACA', 'APFIC']",['61'],['61'],[],[],[],[],0.0,0.0,0.0,0.0,8479f63eb-ba08-675a-7976-3e6ddab5c5e9,JILUANYU02068,412280667,CHN,fishing,"[{'has_publicly_listed_authorization': 'false', 'rfmo': 'WCPFC'}]",,13.13341978247483,0.3631278538812782,,False,not_matching_relevant_public_authorization,2026-04-25 05:35:10.713253
2025-04-22 07:05:05+00:00,2025-04-24 13:37:01+00:00,5b41d3788d01ad833876e756565cbce7,fishing,"[-6.913291666666667, 62.50048666666667, -5.51222, 62.73502]",,,,,62.6169,-5.8925,[],['8435'],"['IWC', 'NEAFC', 'NAMMCO', 'ACAP', 'ICES', 'ICCAT', 'NASCO']","['27.5.b.1', '27.5', '27.5.b', '27.5.b.1.b', '27']",['27'],[],[],[],[],15.0,59.0,24.094775000000002,77.379562,677a1d194-463d-7c79-c8f5-8593b88b39af,HEYKUR,231030000,FRO,fishing,"[{'has_publicly_listed_authorization': 'false', 'rfmo': 'ICCAT'}]",,337.80290803104856,3.75343512226152,,False,not_matching_relevant_public_authorization,2026-04-25 05:35:10.713253
2025-04-22 07:07:53+00:00,2025-04-24 19:22:38+00:00,2a6192cb343aec099b2392f28869646e,fishing,"[124.346827, 29.684063, 124.83168, 29.827047]",,,,,29.7518,124.592,[],['8486'],"['WCPFC', 'IWC', 'ACAP', 'APFIC']",['61'],['61'],[],[],[],[],160.0,195.0,146.39732800000002,185.885141,313c200d1-120d-98ab-6cc6-73ede62e9e5b,ZHEXIANGYU12029,412412396,CHN,fishing,"[{'has_publicly_listed_authorization': 'false', 'rfmo': 'WCPFC'}]",,274.8078950091629,2.61532258064516,,False,not_matching_relevant_public_authorization,2026-04-25 05:35:10.713253
2025-04-22 07:11:00+00:00,2025-04-24 23:57:01+00:00,4abad47c0f888576f3c247a1c9ddd8d5,fishing,"[125.40497, -33.83549, 127.48729, -33.150915]",,,,,-33.5299,125.927,[],['8323'],"['CCSBT', 'IWC', 'CCSBT-Primary-Area', 'FFA', 'IOTC', 'ACAP']","['57.5.2', '57', '57.5']",['57'],[],[],[],[],116.0,101.0,317.658594,518.8493119999999,5914fccc9-9506-1c7e-95c6-2de8f87f1315,NOBLE PEARL,503043180,AUS,fishing,"[{'has_publicly_listed_authorization': 'false', 'rfmo': 'CCSBT'}, {'has_publicly_listed_authorization': 'false', 'rfmo': 'IOTC'}]",,343.2089090111851,2.7890368852459013,,False,not_matching_relevant_public_authorization,2026-04-25 05:35:10.713253
2025-04-22 07:15:17+00:00,2025-04-24 17:56:07+00:00,1d24331dbbb9d3222166d9fabde60a63,fishing,"[-24.997401666666665, 16.882805, -24.996718333333334, 16.8835]",,,,,16.8831,-24.9971,[],['8362'],[],"['34.3', '34.3.2', '34']",['34'],[],[],[],[],0.0,0.0,0.0,0.0,029a2167e-e69a-ae80-51a0-684a76e06094,CROIX DU SUD 1,617108000,CPV,fishing,"[{'has_publicly_listed_authorization': None, 'rfmo': None}]",,18.036283084982017,0.34284323886283513,,False,publicly_authorized,2026-04-25 05:35:10.713253
2025-04-22 07:15:49+00:00,2025-04-24 01:10:03+00:00,57604aa51fda371450cf8c12b8460f0d,fishing,"[108.720127, 10.434915, 108.902132, 10.5564]",,,,,10.4854,108.8414,[],['8484'],"['APFIC', 'IWC', 'WCPFC', 'ACAP', 'SEAFDEC']",['71'],['71'],[],[],[],[],25.0,4.0,168.98565599999998,150.381781,2d1ec4b64-4e88-59eb-06e0-e411510793c2,CAO  273 B4  S5,574566879,VNM,fishing,"[{'has_publicly_listed_authorization': 'false', 'rfmo': 'WCPFC'}]",,159.94075412192817,2.077958115183248,,False,not_matching_relevant_public_authorization,2026-04-25 05:35:10.713253
2025-04-22 07:15:52+00:00,2025-04-24 06:46:37+00:00,7b274f486cd48c2cae2892f3fe0ab51a,fishing,"[-59.456986666666666, -43.41942, -59.115921666666665, -42.80540166666667]",,,,,-43.1856,-59.2947,[],['8466'],"['ICCAT', 'IWC', 'ACAP', 'CCSBT']","['41', '41.3', '41.3.1']",['41'],[],[],[],[],348.0,342.0,452.583531,437.854781,932dd567e-e19c-760f-204b-64ee0de5f1f5,RASMUS EFFERSOE,701006300,ARG,fishing,"[{'has_publicly_listed_authorization': 'false', 'rfmo': 'CCSBT'}, {'has_publicly_listed_authorization': 'false', 'rfmo': 'ICCAT'}]",,392.082854856534,4.759438768333319,,False,not_matching_relevant_public_authorization,2026-04-25 05:35:10.713253
2025-04-22 07:17:28+00:00,2025-04-24 12:28:58+00:00,f8bf4b9e34e907db5b7879c6c1f86391,fishing,"[-5.404930000000007, 48.55214, -5.977653333333336, 48.83194]",,,,,48.7116,-5.6597,"['555635560', '555643633']",['5677'],"['ICCAT', 'NASCO', 'ICES', 'NEAFC', 'NAMMCO', 'IWC', 'ACAP']","['27', '27.7', '27.7.h']",['27'],[],[],[],[],22.0,74.0,24.743252000000002,77.24045299999999,7d8bace8f-f6d8-212e-50c7-8a1467d9a8d5,F/V LAZALAI.,228337800,FRA,fishing,"[{'has_publicly_listed_authorization': 'false', 'rfmo': 'ICCAT'}]",,291.94802872043164,3.0461426462322043,,False,not_matching_relevant_public_authorization,2026-04-25 05:35:10.713253
2025-04-22 07:18:00+00:00,2025-04-24 23:59:28+00:00,4bfa782d12f2fa76a844c7b1121366ee,fishing,"[4.059158333333329, 51.48369, 4.052943333333332, 51.50302333333333]",,,,,51.4998,4.0558,"['555721981', '555638691', '555578893', '331637', '68103', '555514185']",['5668'],"['IWC', 'ACAP', 'ICES', 'NASCO', 'NEAFC', 'EIFAAC', 'NAMMCO']","['27', '27.4', '27.4.c']",['27'],[],[],[],[],0.0,0.0,0.0,0.0,93e97b751-1fed-f7b5-0825-8d17d23204aa,YE110 ANNA-CHRISTINA,244740629,NLD,fishing,"[{'has_publicly_listed_authorization': None, 'rfmo': None}]",,169.9665215212913,0.026304415385455932,,False,publicly_authorized,2026-04-25 05:35:10.713253
2025-04-22 07:18:04+00:00,2025-04-24 13:16:50+00:00,62b29c784173e61dce2e9b460b3ca371,fishing,"[122.533477, 31.496267, 123.332477, 31.648532]",,,,,31.5458,122.8019,[],['8486'],"['PICES', 'WCPFC', 'IWC', 'ACAP']",['61'],['61'],[],[],[],[],61.0,107.0,8.185226,72.049898,217baa109-99a5-bfee-6985-f81bcdfc5a46,ZHESHENGYU10274,412428263,CHN,fishing,"[{'has_publicly_listed_authorization': 'false', 'rfmo': 'WCPFC'}]",,247.0955994917921,3.3368421052631563,,False,not_matching_relevant_public_authorization,2026-04-25 05:35:10.713253
2025-04-22 07:19:31+00:00,2025-04-24 00:56:20+00:00,70842af7c238e9ea290c0a3831643e2c,fishing,"[118.35209, 39.052442, 118.354763, 39.0546]",,,,,39.0539,118.3539,[],['8486'],"['NACA', 'WCPFC', 'APFIC']",['61'],['61'],[],[],[],[],0.0,0.0,0.0,0.0,f19dbba39-9f82-a5da-6539-c9b10fd60577,JILUANYU03368,412283648,CHN,fishing,"[{'has_publicly_listed_authorization': 'false', 'rfmo': 'WCPFC'}]",,8.909640191218543,0.3034146341463417,,False,not_matching_relevant_public_authorization,2026-04-25 05:35:10.713253
2025-04-22 07:19:40+00:00,2025-04-24 18:07:22+00:00,823bc07174a148d7d26d31e110458fac,fishing,"[124.47129333333334, 27.729975, 124.95044, 28.074928333333332]",,,,,27.881,124.7577,[],['48954'],"['IWC', 'ACAP', 'WCPFC', 'APFIC']",['61'],['61'],[],[],[],[],215.0,256.0,250.75904699999998,277.57231199999995,13d90f80b-bd12-44ed-5f64-26f47bc854c6,ZHEXIANGYU66082,412436718,CHN,fishing,"[{'has_publicly_listed_authorization': 'false', 'rfmo': 'WCPFC'}]",,316.3676254610616,3.1360488816913668,,False,not_matching_relevant_public_authorization,2026-04-25 05:35:10.713253
2025-04-22 07:19:58+00:00,2025-04-26 13:56:35+00:00,883a1e81187902565634b2de6f394efc,fishing,"[125.513185, 30.401715, 125.83858166666667, 30.67276]",,,,,30.5943,125.7084,[],['8486'],"['ACAP', 'WCPFC', 'IWC', 'PICES']",['61'],['61'],[],[],[],[],247.0,278.0,228.748828,257.261391,8c2b8618a-afb3-9e36-fb1f-40cb7a620b45,ZHEXIANGYU30128,412438257,CHN,fishing,"[{'has_publicly_listed_authorization': 'false', 'rfmo': 'WCPFC'}]",,350.80887883622984,2.5384722159016437,,False,not_matching_relevant_public_authorization,2026-04-25 05:35:10.713253
2025-04-22 07:20:27+00:00,2025-04-24 22:06:09+00:00,a6444d3e331fc170986277c52726df48,fishing,"[114.53145, 22.686571999999998, 114.549662, 22.716757]",,,,,22.7111,114.5394,[],['8486'],"['ACAP', 'IWC', 'APFIC', 'NACA', 'WCPFC']",['61'],['61'],[],[],[],[],1.0,0.0,1.111949,1.512778,defd1a69f-f57e-7979-cdcc-1a860f45d138,YUEHUIWANYU16166,412468861,CHN,fishing,"[{'has_publicly_listed_authorization': 'false', 'rfmo': 'WCPFC'}]",,31.020143539220165,0.7068561872909697,,False,not_matching_relevant_public_authorization,2026-04-25 05:35:10.713253
2025-04-22 07:24:13+00:00,2025-04-24 23:02:55+00:00,2d9c8902ae646034191f339984316c4f,fishing,"[-60.22002, -45.026896666666666, -59.91418, -44.81339666666667]",,,,,-44.9132,-60.0731,[],[],"['ACAP', 'IWC', 'ICCAT', 'CCSBT']","['41.3.1', '41.3', '41']",['41'],[],['63203'],[],[],373.0,377.0,429.149625,442.59128100000004,7e6c61010-07ce-c3e3-0c18-2f41f89479d6,FU YANG 2,577343000,VUT,fishing,"[{'has_publicly_listed_authorization': 'false', 'rfmo': 'ICCAT'}, {'has_publicly_listed_authorization': 'false', 'rfmo': 'CCSBT'}]",,346.54436507894883,3.389065607374988,,True,not_matching_relevant_public_authorization,2026-04-25 05:35:10.713253
2025-04-22 07:28:38+00:00,2025-04-24 23:49:53+00:00,c41467868192fe33014c6dd5327ff488,fishing,"[3.1812883333333275, 53.84543333333333, 2.527905000000004, 54.03666666666667]",,,,,54.002,2.7864,"['555590815', '555537004', '555557049']","['5668', '5696']","['ICES', 'NAMMCO', 'ACAP', 'IWC', 'ICCAT', 'NASCO', 'NEAFC']","['27.4', '27', '27.4.b']",['27'],[],[],[],[],131.0,147.0,90.202312,75.12456200000001,c65a8fe5a-ad40-58b4-816f-8cec29bc64c1,WR274 DIRK SENIOR,244959000,NLD,fishing,"[{'has_publicly_listed_authorization': 'false', 'rfmo': 'ICCAT'}]",,316.8147642163164,2.6610714294548536,,False,not_matching_relevant_public_authorization,2026-04-25 05:35:10.713253
2025-04-22 07:28:52+00:00,2025-04-24 00:30:36+00:00,318840b8e2a4134e11245bb1ae5de074,fishing,"[120.487493, 35.34098, 120.66484, 35.42994]",,,,,35.4024,120.5767,[],['8486'],"['IWC', 'WCPFC', 'PICES', 'ACAP']",['61'],['61'],['8486'],[],[],[],54.0,55.0,48.600117,40.7105,7ec5cd561-1200-0f94-314b-55f04e7ebb51,LUQINGXINYU61082,412347643,CHN,fishing,"[{'has_publicly_listed_authorization': 'false', 'rfmo': 'WCPFC'}]",,147.81851890938702,2.2511278195488726,,False,not_matching_relevant_public_authorization,2026-04-25 05:35:10.713253
2025-04-22 07:30:18+00:00,2025-04-24 23:54:47+00:00,9581c9af92062477daa4d3188cf09c04,fishing,"[119.70998, 39.941707, 119.712802, 39.944312]",,,,,39.9431,119.7112,[],['8486'],"['IWC', 'PICES', 'ACAP', 'WCPFC']",['61'],['61'],[],[],[],[],1.0,1.0,0.0,0.0,400fde358-8c95-45c2-146d-21c5aa2cd418,JILUANYU01880,412495304,CHN,fishing,"[{'has_publicly_listed_authorization': 'false', 'rfmo': 'WCPFC'}]",,9.553586504556062,0.20058139534883732,,False,not_matching_relevant_public_authorization,2026-04-25 05:35:10.713253
2025-04-22 07:30:31+00:00,2025-04-24 00:24:33+00:00,cf32fa915baa3f7cf92e4f9876cc7a69,fishing,"[122.535088, 31.450017, 122.741842, 31.532262]",,,,,31.4945,122.6384,[],['8486'],"['PICES', 'IWC', 'ACAP', 'WCPFC']",['61'],['61'],[],[],[],[],63.0,74.0,4.3850929999999995,25.007383,2f65d0bd2-2e83-cf75-09ac-16d089cb318c,ZHESHENGYU10137,900310137,,fishing,"[{'has_publicly_listed_authorization': 'false', 'rfmo': 'WCPFC'}]",,133.79736864326085,2.568981481481482,,False,not_matching_relevant_public_authorization,2026-04-25 05:35:10.713253
2025-04-22 07:34:44+00:00,2025-04-24 23:59:06+00:00,a9840d39a9d8855d59dffeabc3e10475,fishing,"[120.692018, 34.961275, 120.83041, 35.115368]",,,,,35.0659,120.7939,[],['8486'],"['ACAP', 'WCPFC', 'IWC', 'PICES']",['61'],['61'],[],[],[],[],82.0,86.0,58.901051,66.500156,ce428f500-0f47-c68a-2529-7c09237c8b1a,SUGANYU09310,412365803,CHN,fishing,"[{'has_publicly_listed_authorization': 'false', 'rfmo': 'WCPFC'}]",,170.01067203925703,1.7053050397877985,,False,not_matching_relevant_public_authorization,2026-04-25 05:35:10.713253
2025-04-22 07:34:49+00:00,2025-04-24 17:37:33+00:00,2bfe3b6645159d615fabf73c4c372595,fishing,"[114.537798, 22.703095, 114.541412, 22.717393]",,,,,22.7159,114.5398,[],['8486'],"['NACA', 'WCPFC', 'IWC', 'APFIC', 'ACAP']",['61'],['61'],[],[],[],[],1.0,0.0,0.0,1.111949,a5241231c-cda0-e001-14a4-6e08b78a6a63,YUEHUIWANYU06013,412411047,CHN,fishing,"[{'has_publicly_listed_authorization': 'false', 'rfmo': 'WCPFC'}]",,11.032413960756534,0.17888198757763998,,False,not_matching_relevant_public_authorization,2026-04-25 05:35:10.713253
2025-04-22 07:36:23+00:00,2025-04-24 04:15:16+00:00,60dbaf6b499cca600b18639527859c24,fishing,"[111.461038, 20.062855, 112.548283, 20.386415]",,,,,20.211,112.1541,[],['8486'],"['WCPFC', 'APFIC', 'ACAP', 'IWC']",['61'],['61'],['8486'],[],[],[],21.0,133.0,82.971938,133.47025,a96ac7920-0cae-aa66-d872-f50774348cf2,528,131452528,,fishing,"[{'has_publicly_listed_authorization': 'false', 'rfmo': 'WCPFC'}]",,249.2200024135053,3.161486486486487,,False,not_matching_relevant_public_authorization,2026-04-25 05:35:10.713253
2025-04-22 07:39:20+00:00,2025-04-24 23:42:16+00:00,c0a4c058bef626be1beb2da2bc40af12,fishing,"[2.6016666666666595, 54.03, 1.8535666666666657, 54.108153333333334]",,,,,54.09,2.0983,"['555786434', '555624872']",['5696'],"['ICES', 'ACAP', 'NAMMCO', 'NASCO', 'NEAFC', 'IWC', 'ICCAT']","['27', '27.4', '27.4.b']",['27'],[],[],[],[],149.0,124.0,77.326117,65.68706200000001,6c956e21b-b274-dad3-eae4-72e0352fa949,Z201 PIETER SENIOR,205191000,BEL,fishing,"[{'has_publicly_listed_authorization': 'false', 'rfmo': 'ICCAT'}]",,341.8293546333197,2.8851078649776736,,False,not_matching_relevant_public_authorization,2026-04-25 05:35:10.713253
2025-04-22 07:41:01+00:00,2025-04-24 10:59:14+00:00,9f7e111816bc73e070812d2a4ac8853c,fishing,"[35.14184, -19.846328333333332, 35.37929666666667, -19.67935]",,,,,-19.7764,35.2506,[],['8347'],"['ACAP', 'IOTC', 'SWIOFC', 'IWC']","['51', '51.8']",['51'],['8347'],[],[],[],16.0,17.0,9.158382,31.11675,c2a70c3e3-3052-86e5-3ed4-583b3658a8a3,XIESHENG01,412549198,CHN,fishing,"[{'has_publicly_listed_authorization': 'false', 'rfmo': 'IOTC'}]",,304.27739779758264,3.158695650599574,,False,not_matching_relevant_public_authorization,2026-04-25 05:35:10.713253
2025-04-22 07:43:46+00:00,2025-04-24 23:57:02+00:00,98497cf9cbda0509879813dc2f5530ea,fishing,"[120.438192, 35.019306666666665, 120.87710666666666, 35.19973]",,,,,35.1363,120.6433,[],['8486'],"['IWC', 'ACAP', 'WCPFC', 'PICES']",['61'],['61'],[],[],[],[],76.0,77.0,35.22884,57.062742,ccd04849f-f9d4-c47c-15fb-fbdc5ee5eadd,LULANYU60709,412336972,CHN,fishing,"[{'has_publicly_listed_authorization': 'false', 'rfmo': 'WCPFC'}]",,285.4260128052993,2.652420694703153,,False,not_matching_relevant_public_authorization,2026-04-25 05:35:10.713253
2025-04-22 07:43:47+00:00,2025-04-24 21:19:51+00:00,5b3f73c21d7d9a84359e738d9c5efec3,fishing,"[124.56692833333334, 27.803813333333334, 124.9286, 28.098371666666665]",,,,,27.9327,124.7568,[],['48954'],"['ACAP', 'WCPFC', 'IWC', 'APFIC']",['61'],['61'],[],[],[],[],226.0,260.0,255.472297,274.628281,9172584f5-589e-6e3f-e5fc-85e19fd0878a,ZHELINGYU69155,412416468,CHN,fishing,"[{'has_publicly_listed_authorization': 'false', 'rfmo': 'WCPFC'}]",,291.47916600524405,2.7646907220143317,,False,not_matching_relevant_public_authorization,2026-04-25 05:35:10.713253
2025-04-22 07:46:56+00:00,2025-04-24 23:58:38+00:00,fe65e9f00ae9c6617f8f79a4b0e04483,fishing,"[62.812241666666665, 24.758735, 63.28575333333333, 24.9384]",,,,,24.8789,63.0939,[],['8359'],"['IWC', 'ACAP', 'IOTC']","['51', '51.4']",['51'],['8359'],[],[],[],53.0,32.0,60.546594,96.578688,c81d3a236-68c2-a317-7736-c630a89a2d61,GUL E BABU:25445:::B,463171786,PAK,fishing,"[{'has_publicly_listed_authorization': 'false', 'rfmo': 'IOTC'}]",,166.40041546821047,1.6720170455730785,,False,not_matching_relevant_public_authorization,2026-04-25 05:35:10.713253
2025-04-22 07:52:15+00:00,2025-04-24 00:48:09+00:00,81400a77da9573bf9fbdce7a30da51fb,fishing,"[-3.12615, 49.682935, -2.85466, 49.95164666666667]",,,,,49.8545,-2.9333,"['555643617', '555635559']","['5677', '5696']","['NAMMCO', 'ACAP', 'IWC', 'NEAFC', 'ICES', 'NASCO', 'ICCAT']","['27.7', '27', '27.7.e']",['27'],[],[],[],[],41.0,51.0,49.282145,52.641973,edf246529-9f79-2b61-e528-5511f67dbe92,CHLOE OF LADRAM,232004700,GBR,fishing,"[{'has_publicly_listed_authorization': 'false', 'rfmo': 'ICCAT'}]",,301.9512546774673,4.044937752811748,,False,not_matching_relevant_public_authorization,2026-04-25 05:35:10.713253
2025-04-22 07:52:23+00:00,2025-04-24 18:19:00+00:00,e0ada825be60b665d4fb4772fc0c37c9,fishing,"[-148.646713, 58.257325, -148.392995, 58.524932]",,,,,58.4166,-148.4992,[],['8463'],"['PICES', 'ACAP', 'IPHC', 'IWC']",['67'],['67'],[],[],[],[],157.0,140.0,192.10565599999998,161.716969,8b2404373-3a0b-a73f-e678-a226a88e1201,CHANNA SEA,368147390,USA,fishing,"[{'has_publicly_listed_authorization': None, 'rfmo': None}]",,260.14474775851875,3.4236245954692563,,False,publicly_authorized,2026-04-25 05:35:10.713253
2025-04-22 07:53:44+00:00,2025-04-24 05:27:36+00:00,2c97000d38904768b7bc52e84b0c1f95,fishing,"[61.721327, 23.984048, 62.085293, 24.26773]",,,,,24.1018,61.92,[],['8359'],"['IWC', 'ACAP', 'IOTC']","['51.4', '51']",['51'],[],[],[],[],114.0,88.0,140.429516,96.758336,3839b3427-7e25-9f1d-162b-d0402807bb3b,ALSALMAN,463170562,PAK,fishing,"[{'has_publicly_listed_authorization': 'false', 'rfmo': 'IOTC'}]",,135.40097412867124,2.04579208037346,,False,not_matching_relevant_public_authorization,2026-04-25 05:35:10.713253
2025-04-22 07:54:23+00:00,2025-04-24 23:59:51+00:00,769d4262038282803078601aad950a5f,fishing,"[-5.840498333333329, 50.575, -6.036666666666662, 50.76369833333333]",,,,,50.668,-5.9831,[],['5696'],"['NASCO', 'ICCAT', 'NEAFC', 'NAMMCO', 'IWC', 'ACAP', 'ICES']","['27', '27.7.g', '27.7.f', '27.7']",['27'],[],[],[],[],46.0,70.0,48.413574,72.869242,a1e110209-9b38-d6ae-1c41-9b141beaf0d4,Z526 VAYA CON DIOS,205316000,BEL,fishing,"[{'has_publicly_listed_authorization': 'false', 'rfmo': 'ICCAT'}]",,450.01130865932583,4.582901557492472,,False,not_matching_relevant_public_authorization,2026-04-25 05:35:10.713253
2025-04-22 07:56:47+00:00,2025-04-24 10:47:40+00:00,3c2b35a886bdc2b2a7866fc6136d958d,fishing,"[-8.459356666666666, 36.77458166666667, -7.934701666666666, 36.831975]",,,,,36.7823,-8.2801,[],['5688'],"['NASCO', 'IWC', 'ICES', 'NAMMCO', 'ACAP', 'ICCAT', 'NEAFC']","['27.9', '27.9.a', '27']",['27'],['5688'],[],[],[],36.0,16.0,38.180484,16.456166,187402212-23b4-86c5-f889-80b6117eb8e9,COSTASUL,263402580,PRT,fishing,"[{'has_publicly_listed_authorization': 'false', 'rfmo': 'ICCAT'}]",,219.6636558398693,2.4445161241677495,,False,not_matching_relevant_public_authorization,2026-04-25 05:35:10.713253
2025-04-22 08:04:48+00:00,2025-04-24 23:54:27+00:00,2d0cd95c1ae2a3df48fe5b25069c2fbc,fishing,"[-13.110421666666667, 64.026645, -13.928261666666657, 64.38917000000001]",,,,,64.2474,-13.5505,[],['5680'],"['IWC', 'NAMMCO', 'ICES', 'NEAFC', 'NASCO', 'ACAP', 'ICCAT']","['27', '27.5', '27.5.a.2', '27.5.a']",['27'],['5680'],[],[],[],81.0,26.0,89.885977,34.373793,2f8d326d8-8d0d-b783-142c-dc149607ba6e,BREKI,251608000,ISL,fishing,"[{'has_publicly_listed_authorization': 'false', 'rfmo': 'ICCAT'}]",,441.7247218720306,3.9185314642174283,,False,not_matching_relevant_public_authorization,2026-04-25 05:35:10.713253
2025-04-22 08:05:15+00:00,2025-04-24 06:40:46+00:00,604e43356c68cb996778d2e9f80c2d83,fishing,"[123.966637, 29.966518, 124.178135, 30.290158]",,,,,30.1206,124.0766,[],['8486'],"['APFIC', 'IWC', 'PICES', 'WCPFC', 'ACAP']",['61'],['61'],[],[],[],[],113.0,121.0,101.580367,109.651008,8cc9e6b92-2ecd-bcc2-1a9f-ef1d6c23a0dd,ZHE PU YU43238,412421684,CHN,fishing,"[{'has_publicly_listed_authorization': 'false', 'rfmo': 'WCPFC'}]",,218.1002382718845,3.079359430604983,,False,not_matching_relevant_public_authorization,2026-04-25 05:35:10.713253
2025-04-22 08:06:13+00:00,2025-04-24 23:56:17+00:00,87c4c1e2fc99a00ee81b91eae65df2a1,fishing,"[-66.239155, 42.655005, -65.87075, 42.742995]",,,,,42.7075,-65.9786,[],['8493'],"['NAMMCO', 'ICCAT', 'NAFO', 'NASCO', 'ACAP', 'IWC']","['21.4.X', '21.4', '21']",['21'],[],[],[],[],84.0,74.0,99.494992,80.045734,6fe379f28-8634-af55-77ea-bfe97c9d4f60,CAPE LAHAVE,316003890,CAN,fishing,"[{'has_publicly_listed_authorization': 'false', 'rfmo': 'ICCAT'}]",,288.16479824380446,4.413924050859255,,False,not_matching_relevant_public_authorization,2026-04-25 05:35:10.713253
2025-04-22 08:17:42+00:00,2025-04-24 08:53:26+00:00,8cec7f32d09a1ca8c6f09a74241aabbf,fishing,"[125.48287833333333, 30.444895, 125.76262666666666, 30.67882]",,,,,30.6142,125.6509,[],['8486'],"['WCPFC', 'IWC', 'ACAP', 'PICES']",['61'],['61'],[],[],[],[],244.0,272.0,225.20875,249.57925,64efc4a0b-b162-dc73-f2b2-222a97212cd6,ZHEXIANGYU30305,412438336,CHN,fishing,"[{'has_publicly_listed_authorization': 'false', 'rfmo': 'WCPFC'}]",,203.61107142041334,2.5129844905563083,,False,not_matching_relevant_public_authorization,2026-04-25 05:35:10.713253
2025-04-22 08:19:54+00:00,2025-04-24 20:03:03+00:00,fa73956db52a3c45583b80d4e6144cfd,fishing,"[120.70224, 35.38025, 120.9314, 35.439197]",,,,,35.3913,120.8096,[],['8486'],"['PICES', 'WCPFC', 'ACAP', 'IWC']",['61'],['61'],[],[],[],[],59.0,51.0,43.105391000000004,30.07707,e18b831ea-ad9a-3088-68e3-901bccb51d2e,LUQINGXINYU60939,412503986,CHN,fishing,"[{'has_publicly_listed_authorization': 'false', 'rfmo': 'WCPFC'}]",,231.0826544180662,2.4614147909967836,,False,not_matching_relevant_public_authorization,2026-04-25 05:35:10.713253
2025-04-22 08:22:03+00:00,2025-04-24 13:33:22+00:00,5c7c541358c8f3278a8f7a66f9e3f976,fishing,"[60.49850699999999, 24.571311666666666, 60.227900000000005, 24.731358]",,,,,24.6507,60.3087,[],['8469'],"['ACAP', 'IWC', 'RECOFI', 'IOTC']","['51.3', '51']",['51'],[],[],[],[],80.0,66.0,81.796125,73.533375,17bdc6c9a-a6c5-b370-9c61-fa0f4eed7972,ABOL,422230106,IRN,fishing,"[{'has_publicly_listed_authorization': 'false', 'rfmo': 'IOTC'}]",,136.38452209722652,2.50859188300186,,False,not_matching_relevant_public_authorization,2026-04-25 05:35:10.713253
2025-04-22 08:23:54+00:00,2025-04-24 23:57:31+00:00,61b274ad56092587f66532fc2c9780fb,fishing,"[62.913725, 24.431266666666666, 63.657001666666666, 24.716028333333334]",,,,,24.5818,63.2657,[],['8359'],"['IWC', 'IOTC', 'ACAP']","['51', '51.4']",['51'],[],[],[],[],87.0,48.0,94.413906,139.043547,f0c10f87b-b582-4797-c65f-4f1bd33f2334,AL HISSAM,463172408,PAK,fishing,"[{'has_publicly_listed_authorization': 'false', 'rfmo': 'IOTC'}]",,195.88480114802135,2.262290866947236,,False,not_matching_relevant_public_authorization,2026-04-25 05:35:10.713253
2025-04-22 08:25:00+00:00,2025-04-24 23:57:33+00:00,05419ac99a63f283506c0cc7de7a3958,fishing,"[13.501836999999995, -23.263517, 13.366645000000005, -22.536257]",,,,,-22.7575,13.4469,[],['8395'],"['ICCAT', 'IWC', 'ACAP', 'CCSBT']","['47', '47.1.4', '47.1']",['47'],[],[],[],[],96.0,102.0,105.10128900000001,117.67667200000001,499d8e2a7-7e36-95bc-2ce9-416144b78924,,659126000,NAM,fishing,"[{'has_publicly_listed_authorization': 'false', 'rfmo': 'CCSBT'}, {'has_publicly_listed_authorization': 'false', 'rfmo': 'ICCAT'}]",,301.80992665350306,2.6706249999999985,,False,not_matching_relevant_public_authorization,2026-04-25 05:35:10.713253
2025-04-22 08:27:51+00:00,2025-04-24 02:10:50+00:00,43d66f90d52b9df5846a7eb5509a2c48,fishing,"[120.702198, 34.953638, 120.84265, 35.077045]",,,,,35.0115,120.767,[],['8486'],"['WCPFC', 'IWC', 'ACAP', 'PICES']",['61'],['61'],[],[],[],[],81.0,90.0,60.049762,70.758812,830067eea-a45f-04cf-ecba-8eafe94bdd63,SUGANYU03132,412364101,CHN,fishing,"[{'has_publicly_listed_authorization': 'false', 'rfmo': 'WCPFC'}]",,125.97092437241233,1.929141104294479,,False,not_matching_relevant_public_authorization,2026-04-25 05:35:10.713253
2025-04-22 08:34:32+00:00,2025-04-24 07:37:58+00:00,2eae22e1448c6e8ddf2c47a665bd763e,fishing,"[-61.423383333333334, -41.996003333333334, -60.876605, -41.75412333333333]",,,,,-41.9095,-61.2408,[],['8466'],"['IWC', 'ICCAT', 'CCSBT', 'ACAP']","['41.3.1', '41.3', '41']",['41'],[],[],[],[],146.0,155.0,298.17415600000004,275.897625,0cc90d4ff-f874-7fcd-1256-3cf79958db12,HUAFENG 822,701007017,ARG,fishing,"[{'has_publicly_listed_authorization': 'false', 'rfmo': 'ICCAT'}, {'has_publicly_listed_authorization': 'false', 'rfmo': 'CCSBT'}]",,232.89083524749336,3.062767475163205,,False,not_matching_relevant_public_authorization,2026-04-25 05:35:10.713253
2025-04-22 08:36:22+00:00,2025-04-24 08:22:19+00:00,1b716d75fb978f5912f2b45dc019559d,fishing,"[125.575705, 30.347211666666666, 125.8616, 30.681213333333332]",,,,,30.586,125.7498,[],['8486'],"['PICES', 'ACAP', 'IWC', 'WCPFC']",['61'],['61'],[],[],[],[],254.0,277.0,236.334859,259.13825,17fc4a1b8-8f3f-6245-13c4-a2e963998d65,ZHEXIANGYU30380,412435798,CHN,fishing,"[{'has_publicly_listed_authorization': 'false', 'rfmo': 'WCPFC'}]",,209.75747693013108,2.5454724365537316,,False,not_matching_relevant_public_authorization,2026-04-25 05:35:10.713253
2025-04-22 08:36:29+00:00,2025-04-24 23:59:09+00:00,6df5027387e2f7e3b2bfbb5cebf17b30,fishing,"[143.172623, -41.195255, 144.054135, -39.977187]",,,,,-40.499,143.4449,[],['8323'],"['CCSBT-Primary-Area', 'WCPFC', 'FFA', 'ACAP', 'IWC', 'IOTC', 'CCSBT']","['57.6', '57']",['57'],[],[],[],[],122.0,0.0,147.339688,8.936259,7f8aa8176-652c-381c-0a10-a1f01f303d10,WESTERN ALLIANCE,503072830,AUS,fishing,"[{'has_publicly_listed_authorization': 'false', 'rfmo': 'CCSBT'}, {'has_publicly_listed_authorization': 'false', 'rfmo': 'IOTC'}, {'has_publicly_listed_authorization': 'false', 'rfmo': 'WCPFC'}]",,322.9183837892422,2.9244897959183693,,False,not_matching_relevant_public_authorization,2026-04-25 05:35:10.713253
2025-04-22 08:36:38+00:00,2025-04-24 23:54:13+00:00,f740e2bd032014f2d2011fde6722ecaf,fishing,"[62.630432, 24.373827, 63.089277, 24.627972]",,,,,24.4626,62.8389,[],['8359'],"['IOTC', 'IWC', 'ACAP']","['51.4', '51']",['51'],[],[],[],[],85.0,66.0,87.007266,91.7705,b81fad31f-f1c1-6f72-bfb3-9bba6d5306f7,SAFINA- AHSAAN,463700772,PAK,fishing,"[{'has_publicly_listed_authorization': 'false', 'rfmo': 'IOTC'}]",,167.43284347475085,2.0308747855917684,,False,not_matching_relevant_public_authorization,2026-04-25 05:35:10.713253
2025-04-22 08:37:47+00:00,2025-04-24 23:28:00+00:00,0008eba4ee1fca47ee99a22650d26fab,fishing,"[122.255233, 29.946352, 122.259747, 29.950695]",,,,,29.9472,122.2581,[],['8486'],"['WCPFC', 'IWC', 'APFIC', 'ACAP']",['61'],['61'],[],[],[],[],1.0,1.0,0.0,0.0,606a50e70-0c30-147a-a361-d3f4097a6f5b,ZHEDAIYU02339,412412209,CHN,fishing,"[{'has_publicly_listed_authorization': 'false', 'rfmo': 'WCPFC'}]",,10.338615537701623,0.22453222453222452,,False,not_matching_relevant_public_authorization,2026-04-25 05:35:10.713253
2025-04-22 08:38:34+00:00,2025-04-24 22:06:24+00:00,2b35bc9fded6ee0c49ae700ac09abeeb,fishing,"[48.564735, -6.532493, 49.26367, -6.18251]",,,,,-6.3767,48.8566,[],['8337'],"['ACAP', 'IOTC', 'SWIOFC', 'IWC', 'SIOFA']","['51', '51.5']",['51'],[],['63203'],[],[],364.0,381.0,643.25875,677.185125,d705d7002-218c-8a7c-d615-acbadee12019,FV NEPTUNE NO.6,664668000,SYC,fishing,"[{'has_publicly_listed_authorization': 'true', 'rfmo': 'IOTC'}]",,482.98446552577735,4.314679715302487,,False,publicly_authorized,2026-04-25 05:35:10.713253
2025-04-22 08:45:16+00:00,2025-04-24 10:49:40+00:00,f0d91123995eb7b8a587c7a796196b1a,fishing,"[116.662927, 22.934547, 117.010728, 23.237928]",,,,,23.1198,116.8479,[],['8486'],"['IWC', 'APFIC', 'ACAP', 'WCPFC']",['61'],['61'],['8486'],[],[],[],14.0,18.0,11.747273999999999,12.079015,cb6dbfe76-6cab-7d5c-ef00-a691bf51f374,1,600940063,,fishing,"[{'has_publicly_listed_authorization': 'false', 'rfmo': 'WCPFC'}]",,299.2420754147524,3.213955726660248,,False,not_matching_relevant_public_authorization,2026-04-25 05:35:10.713253
2025-04-22 08:47:27+00:00,2025-04-24 22:18:27+00:00,9908f1c300f3c3ddb8b2b8da358ef68a,fishing,"[116.653965, 22.942335, 117.00855, 23.23953]",,,,,23.1158,116.8329,[],['8486'],"['ACAP', 'APFIC', 'WCPFC', 'IWC']",['61'],['61'],['8486'],[],[],[],13.0,18.0,10.478058,12.079015,8b9024d85-5f1d-3cd5-3069-eaeee54deca5,YUECHENGYU19028,412464091,CHN,fishing,"[{'has_publicly_listed_authorization': 'false', 'rfmo': 'WCPFC'}]",,369.15532286684015,3.206534823731729,,False,not_matching_relevant_public_authorization,2026-04-25 05:35:10.713253
2025-04-22 08:47:38+00:00,2025-04-24 23:43:58+00:00,6485f241ba7b279c1a14cf32446465bb,fishing,"[120.47764, 35.397733, 120.660187, 35.44682]",,,,,35.4138,120.5609,[],['8486'],"['ACAP', 'PICES', 'IWC', 'WCPFC']",['61'],['61'],['8486'],[],[],[],48.0,53.0,47.095,39.033816,3369a4620-01dd-7a39-a03e-2639d448cd32,LUQINGXINYU65004,412333475,CHN,fishing,"[{'has_publicly_listed_authorization': 'false', 'rfmo': 'WCPFC'}]",,192.48754189810685,1.9481220657276983,,False,not_matching_relevant_public_authorization,2026-04-25 05:35:10.713253
2025-04-22 08:50:47+00:00,2025-04-24 23:59:03+00:00,af3fa891f05d8a988e2f56248b242c1c,fishing,"[108.724015, 10.242558, 108.86577, 10.456318]",,,,,10.3542,108.8428,[],['8484'],"['IWC', 'ACAP', 'APFIC', 'WCPFC', 'SEAFDEC']",['71'],['71'],[],[],[],[],38.0,9.0,172.90846900000003,161.91565599999998,f0dede0ba-a90c-e997-e8df-6cbb8e5f21c1,17 NHU Y B 20,574211004,VNM,fishing,"[{'has_publicly_listed_authorization': 'false', 'rfmo': 'WCPFC'}]",,174.95313639190164,2.072650130548303,,False,not_matching_relevant_public_authorization,2026-04-25 05:35:10.713253
2025-04-22 08:52:20+00:00,2025-04-24 09:11:00+00:00,cfe1e9b692e1820142e4c38040063a1c,fishing,"[121.458027, 37.859008, 121.693583, 38.006828]",,,,,37.9367,121.5605,[],['8486'],"['IWC', 'ACAP', 'WCPFC', 'PICES']",['61'],['61'],[],[],[],[],27.0,51.0,13.493384,39.291895,9ad4285bb-bde2-817e-f4ff-2a4f9fc12aba,LIAOSUIYU35689,412223615,CHN,fishing,"[{'has_publicly_listed_authorization': 'false', 'rfmo': 'WCPFC'}]",,176.04086184968216,2.9047999999999985,,False,not_matching_relevant_public_authorization,2026-04-25 05:35:10.713253
2025-04-22 08:55:53+00:00,2025-04-24 01:44:22+00:00,63fb3351e704c5cdfb93614138ad8f7f,fishing,"[108.257662, 16.09888, 108.258577, 16.100205]",,,,,16.0996,108.2582,[],['8484'],"['APFIC', 'WCPFC', 'NACA']",['61'],['61'],[],[],[],[],0.0,0.0,1.068338,1.068338,9ae346f1a-a91b-fb30-c9c6-d0c9aecde306,LUOI-B20-THUY-2,574705311,VNM,fishing,"[{'has_publicly_listed_authorization': 'false', 'rfmo': 'WCPFC'}]",,3.824434527801373,0.4416201117318435,,False,not_matching_relevant_public_authorization,2026-04-25 05:35:10.713253
2025-04-22 09:00:53+00:00,2025-04-24 15:27:47+00:00,83629e8348469067d88b112fb40e35c7,fishing,"[119.62953, 35.21125, 120.24007, 35.303958]",,,,,35.2438,119.927,[],['8486'],"['ACAP', 'WCPFC', 'IWC', 'PICES']",['61'],['61'],['8486'],[],[],[],18.0,47.0,3.798452,29.427726999999997,6415a1bcc-cdeb-f7f5-87d3-a1d66bb7a73c,LUDONGGANGYU61088,412606514,CHN,fishing,"[{'has_publicly_listed_authorization': 'false', 'rfmo': 'WCPFC'}]",,345.78208949717765,3.777295492487478,,False,not_matching_relevant_public_authorization,2026-04-25 05:35:10.713253
2025-04-22 09:06:41+00:00,2025-04-24 23:58:00+00:00,a3edef8f83d48d94912a012f79cec626,fishing,"[-57.527621666666676, 44.602845, -57.64568, 44.74004166666667]",,,,,44.6481,-57.5863,[],['8493'],"['NASCO', 'IWC', 'NAFO', 'NAMMCO', 'ACAP', 'ICCAT']","['21.4.V', '21.4.5.s', '21', '21.4']",['21'],[],[],[],[],186.0,183.0,240.84496900000002,223.83165599999998,d6b5fce04-4235-9a2c-be61-b45bf6b583c4,ARCTIC ENDURANCE,316002910,CAN,fishing,"[{'has_publicly_listed_authorization': 'false', 'rfmo': 'ICCAT'}]",,184.3820164318175,2.7781818112769687,,False,not_matching_relevant_public_authorization,2026-04-25 05:35:10.713253
2025-04-22 09:11:33+00:00,2025-04-24 01:47:46+00:00,17ce5f3f9031832fa923df3f435ba973,fishing,"[58.56800799999999, 25.255635, 58.471997, 25.398945]",,,,,25.351,58.5134,[],['8469'],"['IWC', 'ACAP', 'RECOFI', 'IOTC']","['51.3', '51']",['51'],['8469'],[],[],[],36.0,21.0,91.27932000000001,75.540188,4421bbe7a-a70f-a41d-7007-1f454a5fa78e,ALMOBIN_HAROOM,422210031,IRN,fishing,"[{'has_publicly_listed_authorization': 'false', 'rfmo': 'IOTC'}]",,67.03213909748098,1.1312586437122443,,False,not_matching_relevant_public_authorization,2026-04-25 05:35:10.713253
2025-04-22 09:13:09+00:00,2025-04-24 21:12:00+00:00,79b3d8242506aa9c1c0382d7d1f4e49d,fishing,"[120.871133, 35.646077, 121.154938, 36.020685]",,,,,35.8171,120.9736,[],['8486'],"['IWC', 'PICES', 'ACAP', 'WCPFC']",['61'],['61'],['8486'],[],[],[],27.0,28.0,9.834804,21.829138999999998,d0e44a626-6739-14de-30f9-202214e25502,LURONGYU56297,412329771,CHN,fishing,"[{'has_publicly_listed_authorization': 'false', 'rfmo': 'WCPFC'}]",,204.29578470519164,1.9795072788353851,,False,not_matching_relevant_public_authorization,2026-04-25 05:35:10.713253
2025-04-22 09:15:31+00:00,2025-04-24 00:13:14+00:00,e953c3eb9f4100431389751319c04b1c,fishing,"[107.276342, 18.769732, 107.54339, 19.298767]",,,,,19.0606,107.4359,[],['8486'],"['WCPFC', 'IWC', 'ACAP', 'SEAFDEC', 'APFIC']",['61'],['61'],[],[],[],[],113.0,94.0,117.507242,107.92546899999999,e0747bd6e-eb87-90b6-3d79-4663dd6968e8,GUIHEYU00181,412502615,CHN,fishing,"[{'has_publicly_listed_authorization': 'false', 'rfmo': 'WCPFC'}]",,196.76363983208242,2.7519230769230782,,False,not_matching_relevant_public_authorization,2026-04-25 05:35:10.713253
2025-04-22 09:16:19+00:00,2025-04-24 13:06:21+00:00,9bd9e9cc6953afd20944d2ff0a71f873,fishing,"[-5.4766666666666595, 62.50333333333333, -6.459939999999989, 62.723366666666664]",,,,,62.6118,-5.833,[],['8435'],"['IWC', 'ICCAT', 'NAMMCO', 'ACAP', 'ICES', 'NEAFC', 'NASCO']","['27.5.b.1', '27.5.b.1.b', '27.5.b', '27.5', '27']",['27'],[],[],[],[],44.0,36.0,63.160359,52.623891,2878ed7b9-908a-4097-e2aa-26964ff8017e,FALKUR,231031000,FRO,fishing,"[{'has_publicly_listed_authorization': 'false', 'rfmo': 'ICCAT'}]",,295.77110054676643,3.55774647501153,,False,not_matching_relevant_public_authorization,2026-04-25 05:35:10.713253
2025-04-22 09:17:08+00:00,2025-04-24 23:57:37+00:00,32e14e13116bdb8e06ee2d19cc70a507,fishing,"[111.73935, 21.450425, 112.13146, 21.624555]",,,,,21.5954,112.0466,[],['8486'],"['ACAP', 'IWC', 'WCPFC', 'APFIC']",['61'],['61'],[],[],[],[],13.0,0.0,5.424022,1.111949,d684aade5-55c5-0ec1-33e9-9b3bfee9ef19,YUEJIANGCHENGYU90858,412470362,CHN,fishing,"[{'has_publicly_listed_authorization': 'false', 'rfmo': 'WCPFC'}]",,376.93702715373433,3.283576362240986,,False,not_matching_relevant_public_authorization,2026-04-25 05:35:10.713253
2025-04-22 09:21:55+00:00,2025-04-24 23:50:25+00:00,59ea03ec2f102f7825a203c245c8fb5a,fishing,"[123.791155, 33.317407, 123.991523, 33.530637]",,,,,33.4242,123.9144,[],['8327'],"['WCPFC', 'IWC', 'ACAP', 'PICES']",['61'],['61'],[],[],[],[],146.0,118.0,148.18981200000002,120.173148,67a2ebbdf-f12f-0a3c-46a6-5f49f5989b14,ZHEPUYU68761,412410141,CHN,fishing,"[{'has_publicly_listed_authorization': 'false', 'rfmo': 'WCPFC'}]",,246.54494644008034,2.231261101243342,,False,not_matching_relevant_public_authorization,2026-04-25 05:35:10.713253
2025-04-22 09:22:31+00:00,2025-04-24 23:58:06+00:00,bbc6b6f174b123ce3005302574e77405,fishing,"[119.290097, 35.080485, 119.293793, 35.08343]",,,,,35.0819,119.2926,[],['8486'],"['NACA', 'WCPFC', 'APFIC']",['61'],['61'],[],[],[],[],0.0,0.0,0.0,0.0,0b137bc29-90e8-50b1-ec21-185d4d36d229,SUGANYU02598,412365611,CHN,fishing,"[{'has_publicly_listed_authorization': 'false', 'rfmo': 'WCPFC'}]",,15.129749700320023,0.2694230769230767,,False,not_matching_relevant_public_authorization,2026-04-25 05:35:10.713253
2025-04-22 09:25:22+00:00,2025-04-24 17:07:25+00:00,166ea1241d45a118c92c32e9cc2161a1,fishing,"[121.496932, 38.582718, 121.592657, 38.730112]",,,,,38.653,121.5439,[],['8486'],"['WCPFC', 'ACAP', 'IWC', 'PICES']",['61'],['61'],['8486'],[],[],[],26.0,13.0,22.525391,12.667328,a1f6d41ab-b395-de78-62f7-17e88e27a0a7,LIAODALVYU55086,414098177,CHN,fishing,"[{'has_publicly_listed_authorization': 'false', 'rfmo': 'WCPFC'}]",,176.93133345809798,2.057771260997068,,False,not_matching_relevant_public_authorization,2026-04-25 05:35:10.713253
